,GAGE_ID,Porosity,GLHYMPS_Shape_Area
0,01095220,0.009999999776482582,635152263.8237647
20,01095375,0.09000000357627869,1387215.4703739274
21,01095375,0.009999999776482582,1122995719.051697
55,01104430,0.009999999776482582,340663476.9728497
62,01104460,0.009999999776482582,448382380.94276285
76,01104475,0.009999999776482582,46806962.08954847
78,01362500,0.1899999976158142,10021127427.374859
97,01362500,0.2199999988079071,348600.74198523734
113,01372058,0.05999999865889549,4444716368.91309
114,01372058,0.009999999776482582,15640693971.779007
118,01372058,0.11999999731779099,18172698011.50846
123,01372058,0.1899999976158142,18726453573.240314
129,01372058,0.09000000357627869,423472.1679073277
158,01372058,0.2199999988079071,1863210136.7540586
205,01372058,0.27000001072883606,2249269699.6043415
2471,01388000,0.09000000357627869,57187068.20366863
2472,01388000,0.27000001072883606,285163687.534199
2473,01388000,0.1899999976158142,153848611.6670334
2474,01388000,0.11999999731779099,72031730.52662788
2484,01388000,0.009999999776482582,544482950.4311042
2524,01388000,0.05999999865889549,26401176.97357586
2531,01388000,0.2199999988079071,862612.2624217169
2600,01417500,0.1899999976158142,9102342697.12898
2641,01417500,0.2199999988079071,43782.55724706236
2667,01420500,0.1899999976158142,5245731300.240621
2668,01420500,0.2199999988079071,3956133.388596697
2749,01421000,0.1899999976158142,10246882921.04866
2755,01421000,0.2199999988079071,13458397.271497868
2903,01425000,0.1899999976158142,8969361441.061598
2912,01425000,0.2199999988079071,230467.0751415405
2967,01426500,0.1899999976158142,19005417826.45037
2993,01426500,0.11999999731779099,37104985.27787267
2996,01426500,0.2199999988079071,230467.0751415405
3053,01427510,0.1899999976158142,20540202928.306255
3056,01427510,0.2199999988079071,16051291.810215993
3126,01427510,0.11999999731779099,37104985.27787267
3312,01428500,0.1899999976158142,22052422538.2926
3313,01428500,0.2199999988079071,18560815.952298034
3328,01428500,0.11999999731779099,37104985.27787267
3587,01429000,0.1899999976158142,11502524029.070599
3588,01429000,0.27000001072883606,116299507.86751412
3590,01436690,0.1899999976158142,8739396965.533096
3591,01436690,0.2199999988079071,12359432.48121513
3639,01447800,0.1899999976158142,1766131217.3342748
3644,01447800,0.27000001072883606,996032742.3947953
3655,01449360,0.11999999731779099,623627689.6011231
3656,01449360,0.1899999976158142,1584096175.2617779
3660,01449360,0.27000001072883606,280332570.65029526
3673,01463500,0.1899999976158142,27229742765.02207
3676,01463500,0.11999999731779099,5961355551.429195
3688,01463500,0.009999999776482582,1150620911.8765912
3692,01463500,0.05999999865889549,1567423455.1135197
3698,01463500,0.2800000011920929,326222767.44114953
3720,01463500,0.2199999988079071,63243825.80656507
3987,01463500,0.27000001072883606,1852829398.7114806
4346,01463500,0.09000000357627869,292326768.0223699
5971,01466500,0.2199999988079071,6094201973.410453
5972,01480400,0.009999999776482582,122240581.57772486
5977,01480500,0.009999999776482582,479759409.5565915
6000,01480500,0.05999999865889549,4071126.595780492
6040,01480617,0.05999999865889549,31896838.55991526
6041,01480617,0.009999999776482582,2034141906.6921425
6095,01480617,0.11999999731779099,1457981.102053569
6110,01480870,0.009999999776482582,2022565582.5030837
6117,01480870,0.05999999865889549,93778512.2387977
6157,01480870,0.09000000357627869,1581020.8530384286
6173,01480870,0.11999999731779099,1971045.4586787755
6185,01481000,0.009999999776482582,3003225806.780591
6211,01481000,0.05999999865889549,108097912.88850684
6226,01481000,0.11999999731779099,1971045.4586787755
6295,01481000,0.09000000357627869,1602376.830887371
6390,01595200,0.1899999976158142,288179632.005136
6391,01595200,0.11999999731779099,516377861.39565635
6397,01608500,0.27000001072883606,1248173371.331329
6398,01608500,0.1899999976158142,5701080406.078518
6399,01608500,0.11999999731779099,4374717934.301236
6405,01608500,0.2199999988079071,122729156.27051763
6411,01608500,0.05999999865889549,1596373820.6841235
6749,02011400,0.11999999731779099,1288499463.8507695
6751,02011400,0.27000001072883606,304388655.2708027
6756,02011400,0.1899999976158142,346540042.9750799
6760,02011400,0.05999999865889549,9326750.188832257
6767,02011400,0.09000000357627869,408527.61809555447
6771,02011500,0.11999999731779099,1504621491.2602057
6772,02011500,0.1899999976158142,1474324697.620452
6775,02011500,0.2199999988079071,1038995.105563456
6802,02011500,0.27000001072883606,302443796.48546255
6803,02011800,0.1899999976158142,1733303930.9066114
6805,02011800,0.11999999731779099,1815617555.4311993
6813,02011800,0.09000000357627869,408527.61809555447
6819,02011800,0.2199999988079071,1038995.105563456
6820,02011800,0.27000001072883606,304388655.2708027
6853,02011800,0.05999999865889549,9326750.188832257
6858,02012500,0.11999999731779099,1815957591.6249976
6862,02012500,0.1899999976158142,1733303930.9066114
6864,02012500,0.2199999988079071,1038995.105563456
6873,02012500,0.27000001072883606,311250392.647142
6898,02012500,0.05999999865889549,14188822.100772668
6912,02012500,0.09000000357627869,408527.61809555447
6917,02035000,0.009999999776482582,11835178489.508139
6918,02035000,0.2199999988079071,8428361.487796273
6922,02035000,0.11999999731779099,7726079891.510414
6924,02035000,0.05999999865889549,3558563756.443818
6931,02035000,0.1899999976158142,4246327228.798717
6934,02035000,0.09000000357627869,1183609335.430385
6959,02035000,0.27000001072883606,2102649335.4841907
7811,02077200,0.009999999776482582,2355614673.5070906
7819,02110704,0.2199999988079071,19690499565.617367
7821,02110704,0.1899999976158142,719300347.190761
7823,02110704,0.2800000011920929,2785300749.498759
7835,02148315,0.009999999776482582,29643180854.35963
7836,02148315,0.2199999988079071,2869863909.380732
7864,02148315,0.2800000011920929,1123590844.5791893
7933,02148315,0.1899999976158142,1407514207.212352
7937,02148315,0.05999999865889549,6644956.467488547
8164,02156500,0.009999999776482582,18676508701.487915
8215,02156500,0.09000000357627869,289150758.588337
8360,02160105,0.009999999776482582,7805393911.029256
8362,02160105,0.09000000357627869,288586258.8982161
8415,02160700,0.009999999776482582,7207521603.075721
8443,02163001,0.009999999776482582,7177037194.369693
8485,02168504,0.009999999776482582,17333847555.13173
8511,02168504,0.2199999988079071,5593402823.73702
8616,02169000,0.009999999776482582,17340971498.380188
8712,02169000,0.2199999988079071,5593402823.73702
8717,02169000,0.2800000011920929,130452707.13077852
8748,02203655,0.009999999776482582,900992916.2547997
8753,02203700,0.009999999776482582,875036618.5411379
8757,02204070,0.009999999776482582,2420844910.7726126
8778,02207120,0.009999999776482582,2459882111.1593566
8785,02207120,0.2199999988079071,261686.42360787324
8798,02207185,0.009999999776482582,1261647441.7638557
8804,02207385,0.009999999776482582,1174353943.1226413
8809,02207400,0.009999999776482582,1108421040.966155
8810,02208150,0.009999999776482582,1760285965.3870072
8821,02217274,0.009999999776482582,479408981.5693692
8825,02218565,0.009999999776482582,352395465.7384608
8829,02296750,0.2199999988079071,8971247403.522871
8839,02296750,0.2800000011920929,3899557986.4223614
8849,02296750,0.1899999976158142,1630214203.996673
8851,02298202,0.05999999865889549,19931238110.681633
8852,02298202,0.2199999988079071,8309838816.945039
8853,02298202,0.1899999976158142,24953442.911743127
8855,02298202,0.2800000011920929,3899557986.4223614
8857,02300021,0.2199999988079071,3960882468.2810764
8859,02300021,0.1899999976158142,275628860.22186047
8861,02300021,0.05999999865889549,16258175.592330668
8862,02301719,0.05999999865889549,28907787.318656117
8863,02301719,0.2199999988079071,4509530793.025524
8868,02301719,0.1899999976158142,170182928.0588479
8875,02304510,0.05999999865889549,9957271051.27031
8878,02304510,0.2199999988079071,5068896143.333532
8879,02304510,0.1899999976158142,170182928.0588479
8883,02304510,0.2800000011920929,3899557986.4223614
8887,02310650,0.2199999988079071,352045468.7294075
8888,02310650,0.05999999865889549,9386265099.990221
8889,02310700,0.2199999988079071,1182706314.6083996
8890,02310700,0.05999999865889549,9412127441.556581
8912,02310747,0.05999999865889549,9388744395.226135
8913,02310747,0.2199999988079071,1673149062.2558894
8919,02323592,0.2199999988079071,24244017212.80291
8920,02323592,0.05999999865889549,15364383318.982239
8935,02323592,0.1899999976158142,10260787785.875704
8936,02323592,0.2800000011920929,6003810930.896308
9006,02330450,0.2199999988079071,173250.57693055284
9007,02330450,0.009999999776482582,1353687141.030468
9009,02334430,0.009999999776482582,7633511430.740628
9044,02334430,0.2199999988079071,223488481.5478459
9217,02334480,0.009999999776482582,638221882.8882749
9222,02334578,0.009999999776482582,637581272.0880269
9225,02334885,0.009999999776482582,703840001.210959
9230,02335000,0.2199999988079071,224025056.70768386
9231,02335000,0.009999999776482582,7751561051.7021265
9446,02335350,0.009999999776482582,1005637432.2631751
9451,02336030,0.009999999776482582,322273030.36055684
9454,02336120,0.009999999776482582,801436846.4437107
9463,02336240,0.009999999776482582,782960083.5702199
9469,02336300,0.009999999776482582,1185975602.775
9481,02336360,0.009999999776482582,1071363574.7479459
9488,02336410,0.009999999776482582,1071363574.7479459
9495,02336526,0.009999999776482582,664087177.1429133
9498,02336728,0.009999999776482582,664087177.1429133
9500,02336728,0.2199999988079071,196642.21378763192
9502,02337170,0.009999999776482582,12025456382.880758
9525,02337170,0.2199999988079071,229297467.0796464
9839,02397000,0.009999999776482582,9665801419.002085
9840,02397000,0.05999999865889549,4225942067.010093
9845,02397000,0.11999999731779099,2728902316.6245728
9847,02397000,0.1899999976158142,2870106297.2049794
9850,02397000,0.2199999988079071,65755722.333904184
10051,02397000,0.27000001072883606,23837215.302317508
10311,02423130,0.05999999865889549,268877224.5878282
10313,02423130,0.1899999976158142,40465835.323381014
10342,02423496,0.05999999865889549,1031252704.3987516
10343,02423496,0.1899999976158142,689605890.7779423
10366,02423496,0.11999999731779099,764376838.3709923
10412,02455980,0.1899999976158142,5755852680.080552
10413,02455980,0.05999999865889549,480550504.9006962
10416,02455980,0.11999999731779099,5488140399.762608
10421,02455980,0.27000001072883606,10228345.206565902
10447,02457595,0.05999999865889549,416103913.19037634
10449,02457595,0.1899999976158142,5732081037.324744
10460,02457595,0.11999999731779099,5457881222.41221
10470,02458450,0.05999999865889549,513368490.8085224
10483,02458450,0.1899999976158142,5730228514.439903
10493,02458450,0.11999999731779099,5457881222.41221
10504,03081000,0.11999999731779099,1084229246.8453548
10505,03081000,0.1899999976158142,12175216331.71116
10507,03081000,0.27000001072883606,689488870.2135376
10531,03081000,0.05999999865889549,1036723854.7578248
10639,03081000,0.2199999988079071,16892849.47752405
10760,03176500,0.09000000357627869,138671974.01967815
10761,03176500,0.05999999865889549,3251923563.3383913
10762,03176500,0.27000001072883606,674225593.4203119
10766,03176500,0.009999999776482582,8501538698.171151
10768,03176500,0.11999999731779099,5590163804.296219
10771,03176500,0.1899999976158142,3059576183.6176767
10795,03176500,0.2199999988079071,21574618.119965333
11250,03195500,0.1899999976158142,17814226743.221897
11251,03195500,0.11999999731779099,4226207438.172937
11258,03195500,0.05999999865889549,970161066.8928427
11409,03234300,0.05999999865889549,11607287367.505535
11411,03234300,0.1899999976158142,160985939.04283616
11416,03234300,0.11999999731779099,10997166087.827158
11613,03323500,0.05999999865889549,23800378018.534893
11620,03323500,0.11999999731779099,1954317399.960487
11639,03373980,0.05999999865889549,41193945062.82327
11661,03373980,0.1899999976158142,18377467886.98224
11664,03373980,0.11999999731779099,16007366542.846592
11956,03374500,0.05999999865889549,769576574.5774283
11957,03374500,0.1899999976158142,9983749560.244207
11980,03428200,0.11999999731779099,999336043.0150794
11983,03428200,0.05999999865889549,7307444725.340579
12111,03597860,0.11999999731779099,3361468882.1731114
12127,03597860,0.05999999865889549,9495493967.77524
12242,03597860,0.2199999988079071,648888.8505679457
12310,04043238,0.11999999731779099,605216984.3605605
12311,04043244,0.11999999731779099,605216984.3605605
12312,04043244,0.009999999776482582,338756270.8889497
12313,04121944,0.1899999976158142,19187255108.433323
12315,04121944,0.11999999731779099,6765872016.248445
12316,04121970,0.11999999731779099,17224234810.395615
12318,04121970,0.1899999976158142,28203645740.608875
12329,04121970,0.05999999865889549,1805061235.56562
12344,04124000,0.11999999731779099,24169970540.61586
12346,04124000,0.05999999865889549,1805061235.56562
12349,04124000,0.1899999976158142,28298197363.772625
12353,04124200,0.11999999731779099,24169970540.61586
12354,04124200,0.1899999976158142,28298197363.772625
12359,04124200,0.05999999865889549,1805061235.56562
12362,04125460,0.1899999976158142,19030152981.871525
12363,04125460,0.11999999731779099,10283557253.02239
12364,04125460,0.05999999865889549,1805061235.56562
12366,04125550,0.11999999731779099,24172014713.88341
12369,04125550,0.1899999976158142,28298197363.772625
12375,04125550,0.05999999865889549,1805061235.56562
12376,04136000,0.11999999731779099,22454146727.899952
12378,04136000,0.05999999865889549,1805061235.56562
12380,04136000,0.1899999976158142,28545971133.23914
12388,04136500,0.1899999976158142,28594270605.049683
12389,04136500,0.11999999731779099,22454146727.899952
12397,04136500,0.05999999865889549,1805061235.56562
12401,04136900,0.1899999976158142,28594270605.049683
12402,04136900,0.11999999731779099,22454146727.899952
12409,04136900,0.05999999865889549,1805061235.56562
12414,04137005,0.11999999731779099,22454146727.899956
12417,04137005,0.1899999976158142,28594270605.049686
12420,04137005,0.05999999865889549,1805061235.56562
12427,04137500,0.11999999731779099,22454146727.899956
12428,04137500,0.1899999976158142,28594270605.049683
12429,04137500,0.05999999865889549,1805061235.56562
12440,04193500,0.1899999976158142,8916361494.679173
12441,04193500,0.05999999865889549,41110457851.99643
12443,04193500,0.11999999731779099,37123309676.953026
12537,04208000,0.11999999731779099,32714729164.066154
12544,04208000,0.1899999976158142,2878278519.8901196
12615,04232034,0.11999999731779099,4913564224.5976305
12618,04232034,0.05999999865889549,677552229.2615739
12619,04232034,0.2199999988079071,416892.7263456079
12624,04232034,0.1899999976158142,77330.64274801592
12627,05058000,0.15000000596046448,30812658943.206757
12629,05058000,0.2800000011920929,2680555158.7395654
12636,05058000,0.2199999988079071,92541359.7806546
12686,05058000,0.11999999731779099,241714921.42999256
12906,05430500,0.05999999865889549,20629434404.47071
12909,05430500,0.27000001072883606,43191333011.06504
12916,05430500,0.009999999776482582,21716615.29942858
12932,05430500,0.11999999731779099,1423208197.5824404
12997,05435943,0.05999999865889549,139493957.3491232
12998,05435943,0.27000001072883606,40820044766.187805
13002,05454500,0.11999999731779099,21810909896.097748
13003,05454500,0.05999999865889549,41384004047.44473
13013,05454500,0.1899999976158142,142759999.9387858
13071,05455000,0.05999999865889549,12947046559.025259
13072,05462000,0.05999999865889549,26304695932.167767
13076,05462000,0.1899999976158142,23185341.599670395
13117,05462000,0.11999999731779099,353610648.1979851
13122,05465500,0.05999999865889549,58212546017.60971
13123,05465500,0.11999999731779099,23096373951.05106
13138,05465500,0.1899999976158142,34135373878.737053
13362,05474000,0.11999999731779099,22520490075.191273
13366,05474000,0.05999999865889549,15518069486.875576
13463,06036905,0.09000000357627869,2441942825.3386083
13464,06036905,0.2199999988079071,595116329.9004807
13499,06041000,0.2199999988079071,1676449419.762709
13501,06041000,0.09000000357627869,4095026545.490271
13503,06041000,0.009999999776482582,3354393896.5280633
13508,06041000,0.05999999865889549,500334712.0784507
13536,06041000,0.1899999976158142,1028043523.4574953
13543,06041000,0.11999999731779099,1089977327.2752256
13581,06041000,0.27000001072883606,2832016.44825318
14028,06054500,0.1899999976158142,10443975913.643734
14029,06054500,0.09000000357627869,12721177682.631542
14030,06054500,0.05999999865889549,3957745513.4074516
14031,06054500,0.2199999988079071,11368907025.44941
14037,06054500,0.27000001072883606,217144259.78855273
14044,06054500,0.11999999731779099,4284622608.1202884
14091,06054500,0.009999999776482582,13578488206.999935
16623,06066500,0.09000000357627869,13472075305.886154
16624,06066500,0.05999999865889549,8658763686.314543
16626,06066500,0.2199999988079071,11938989476.701422
16627,06066500,0.1899999976158142,11345283164.505272
16628,06066500,0.009999999776482582,13884865532.143623
16630,06066500,0.11999999731779099,5774481968.190983
17192,06066500,0.27000001072883606,217144259.78855273
19506,06465500,0.27000001072883606,48625032.91839119
19509,06465500,0.2199999988079071,8251176195.843506
19511,06465500,0.1899999976158142,122885123510.25151
19514,06465500,0.15000000596046448,5251647873.584588
19516,06465500,0.05999999865889549,7540063.162355833
19518,06465500,0.009999999776482582,5702097.912869608
19550,06465500,0.11999999731779099,8803003959.668646
19885,06710000,0.2199999988079071,2890941239.9586835
19887,06710000,0.2800000011920929,589796937.8849126
19888,06710000,0.09000000357627869,945907993.2690781
19893,06710000,0.009999999776482582,7503829570.497545
19894,06710000,0.05999999865889549,152053152.7702065
19895,06710000,0.1899999976158142,1656633660.3819585
19906,06710000,0.11999999731779099,559296262.4328676
19913,06710000,0.27000001072883606,2909103731.1851482
20362,06711565,0.1899999976158142,1748910847.6355808
20363,06711565,0.009999999776482582,7562546089.79128
20364,06711565,0.09000000357627869,945907993.2690784
20368,06711565,0.11999999731779099,559296262.4328678
20370,06711565,0.2199999988079071,2903400362.210752
20371,06711565,0.2800000011920929,635801631.5020331
20374,06711565,0.27000001072883606,2922320847.9875293
20416,06711565,0.05999999865889549,152053152.77020654
20865,06775500,0.1899999976158142,119753825072.3761
20866,06881000,0.11999999731779099,13243326790.586712
20868,06881000,0.1899999976158142,132730312092.86009
20869,06881000,0.05999999865889549,9700095942.42713
20872,06894000,0.1899999976158142,1061116751.0726653
20873,06894000,0.05999999865889549,1883342286.6573002
20875,07056515,0.1899999976158142,6792790823.691437
20882,07056515,0.11999999731779099,59953553.28220208
20886,07056515,0.05999999865889549,2960778609.9710145
20888,07061270,0.009999999776482582,6099322.16070149
20889,07061270,0.05999999865889549,1600451335.573948
20901,07061270,0.09000000357627869,155439446.9049751
20963,07086000,0.009999999776482582,1988950281.245096
20964,07086000,0.27000001072883606,310528248.8238737
20966,07086000,0.2199999988079071,239264741.40105176
20968,07086000,0.09000000357627869,97521789.60496719
20977,07086000,0.05999999865889549,73989413.32247066
20992,07086000,0.2800000011920929,92021120.2943168
21010,07086000,0.1899999976158142,63029093.22969542
21135,07096000,0.09000000357627869,4235613848.8773413
21136,07096000,0.009999999776482582,5864169943.032479
21139,07096000,0.05999999865889549,267766615.10685572
21143,07096000,0.2800000011920929,813823258.771206
21145,07096000,0.2199999988079071,541392908.4028025
21166,07096000,0.1899999976158142,1441382796.1889427
21329,07096000,0.27000001072883606,837728375.8870096
21417,07096000,0.11999999731779099,271740059.0392552
21815,07097000,0.009999999776482582,9361639284.543697
21817,07097000,0.1899999976158142,1834990334.684629
21820,07097000,0.09000000357627869,4344794825.099318
21825,07097000,0.2199999988079071,599840899.0076243
21829,07097000,0.05999999865889549,315101319.12029886
21836,07097000,0.2800000011920929,943288294.7133663
21867,07097000,0.27000001072883606,1038899411.6754595
22091,07097000,0.11999999731779099,4458360618.317224
22634,07099970,0.09000000357627869,4345332338.677542
22635,07099970,0.05999999865889549,318996237.1429617
22636,07099970,0.2800000011920929,1041673692.1088346
22639,07099970,0.009999999776482582,9408173660.617638
22641,07099970,0.1899999976158142,1926866798.979763
22649,07099970,0.27000001072883606,1038899411.6754595
22652,07099970,0.2199999988079071,1430505774.5736055
22669,07099970,0.11999999731779099,5207334240.080482
23518,07106000,0.05999999865889549,15762461.836624721
23519,07106000,0.2199999988079071,1491343685.8040292
23523,07106000,0.27000001072883606,2736890829.5502167
23526,07106000,0.11999999731779099,290584671.82444644
23529,07106000,0.2800000011920929,197391880.01688382
23536,07106000,0.009999999776482582,3029872384.3598332
23545,07106000,0.1899999976158142,285314782.7503332
23614,07106500,0.009999999776482582,3029872384.3598332
23615,07106500,0.2800000011920929,355317063.40516764
23616,07106500,0.1899999976158142,535504929.96543026
23617,07106500,0.2199999988079071,1539515966.695922
23624,07106500,0.27000001072883606,2737247114.5354238
23631,07106500,0.05999999865889549,15762461.836624721
23634,07106500,0.11999999731779099,1232181123.9791372
23735,07109500,0.11999999731779099,6372448478.60799
23736,07109500,0.1899999976158142,2547101771.596622
23739,07109500,0.2800000011920929,1482161139.0149276
23745,07109500,0.05999999865889549,337805789.0229829
23746,07109500,0.27000001072883606,3709375986.1279817
23747,07109500,0.2199999988079071,2207222370.7643256
23755,07109500,0.009999999776482582,9555043166.666187
23795,07109500,0.09000000357627869,4358409295.336346
24767,07119700,0.2800000011920929,4708284771.395541
24768,07119700,0.09000000357627869,4502230618.598954
24770,07119700,0.2199999988079071,5234093295.567453
24771,07119700,0.009999999776482582,10226603969.9164
24773,07119700,0.11999999731779099,11239573595.13026
24776,07119700,0.05999999865889549,337805789.02298284
24782,07119700,0.1899999976158142,6220176188.111389
24784,07119700,0.27000001072883606,5511120869.454941
26043,07124000,0.2199999988079071,8368972340.451769
26045,07124000,0.05999999865889549,337805789.0229829
26046,07124000,0.1899999976158142,6983883865.469595
26047,07124000,0.11999999731779099,15209524191.21103
26049,07124000,0.09000000357627869,4502230618.598954
26055,07124000,0.2800000011920929,5480122306.332029
26058,07124000,0.009999999776482582,10226603969.916403
26100,07124000,0.27000001072883606,5515031893.10288
27413,07130500,0.1899999976158142,13999998200.371061
27415,07130500,0.11999999731779099,16908173192.012554
27416,07130500,0.09000000357627869,5236124468.112125
27418,07130500,0.009999999776482582,10343385789.246387
27424,07130500,0.2199999988079071,9042144442.501188
27444,07130500,0.27000001072883606,10989343640.526325
27447,07130500,0.2800000011920929,5519316142.774171
27460,07130500,0.05999999865889549,344309028.6563182
28933,07144100,0.15000000596046448,3831661233.019928
28934,07144100,0.1899999976158142,559857785.7156568
28937,07144100,0.2800000011920929,7182964376.496643
28939,07144100,0.11999999731779099,2218411500.3459516
28959,07144100,0.27000001072883606,123014345.838016
28974,07144780,0.15000000596046448,837930434.5780879
28975,07144780,0.2199999988079071,673844.2427584121
28976,07144780,0.2800000011920929,7499492842.612967
28978,07144780,0.1899999976158142,54395108.73063311
28980,07144780,0.27000001072883606,22878720.909000613
28994,07144780,0.11999999731779099,149644349.31684226
28998,07177500,0.1899999976158142,3468154767.8959002
28999,07177500,0.2199999988079071,785637296.7513647
29006,07177500,0.11999999731779099,1002116555.6350051
29139,07178200,0.11999999731779099,1005316532.4441855
29140,07178200,0.2199999988079071,797914416.2233057
29141,07178200,0.1899999976158142,3920980121.4265995
29157,07178200,0.2800000011920929,4609757.582738543
29182,07178200,0.05999999865889549,170041720.07754266
29304,07227500,0.09000000357627869,4272551131.3297157
29305,07227500,0.11999999731779099,6500520790.710025
29307,07227500,0.009999999776482582,983900170.1676435
29308,07227500,0.27000001072883606,7293945081.762544
29309,07227500,0.1899999976158142,18172102505.25246
29341,07227500,0.2800000011920929,20370723.55206997
29364,07227500,0.2199999988079071,54060977859.679344
29471,07227500,0.05999999865889549,477383119.78431976
29473,07227500,0.15000000596046448,11302309.31572305
30797,07239450,0.2199999988079071,37775782106.84388
30798,07239450,0.15000000596046448,1811052934.0994642
30803,07239450,0.1899999976158142,1170765026.509357
30858,07239450,0.2800000011920929,5138201613.879399
30875,07239450,0.27000001072883606,2564647043.6568875
30969,07239450,0.09000000357627869,1590502111.3898337
31020,07239450,0.11999999731779099,754977776.0145563
31613,07239700,0.2800000011920929,5281387706.095361
31617,07239700,0.1899999976158142,1326487667.5234118
31618,07239700,0.2199999988079071,38762268413.6512
31619,07239700,0.15000000596046448,1811052934.0994637
31620,07239700,0.27000001072883606,3134170318.4221053
31621,07239700,0.11999999731779099,764747751.3997269
31818,07239700,0.09000000357627869,1590502111.3898337
32457,07311782,0.2199999988079071,244023661.9854597
32458,07311782,0.2800000011920929,15468035.129178494
32459,07311782,0.1899999976158142,2319632529.8057904
32464,07311782,0.11999999731779099,4230147185.851808
32468,07312100,0.2199999988079071,1017920992.6364232
32469,07312100,0.1899999976158142,4939171327.353028
32470,07312100,0.15000000596046448,703851.8155867059
32471,07312100,0.11999999731779099,5593954034.2164135
32473,07312100,0.2800000011920929,401917569.35426635
32569,07312500,0.2199999988079071,1988812485.3710072
32570,07312500,0.11999999731779099,6188495702.553112
32572,07312500,0.15000000596046448,1376124.8202525117
32573,07312500,0.1899999976158142,5833776139.320211
32581,07312500,0.2800000011920929,612551245.1909466
32718,08049500,0.2199999988079071,3118932860.2414737
32719,08049500,0.05999999865889549,1644468272.4134223
32723,08049500,0.11999999731779099,3643168727.7640915
32767,08049500,0.1899999976158142,7478955561.412153
32822,08049500,0.2800000011920929,1473580614.6534033
33199,08062500,0.05999999865889549,7224855340.721081
33200,08062500,0.2199999988079071,7837835916.693211
33201,08062500,0.15000000596046448,2010893197.1633902
33206,08062500,0.2800000011920929,1473580614.6534035
33207,08062500,0.1899999976158142,8920303697.4273
33212,08062500,0.11999999731779099,6395890256.503234
34061,08065350,0.1899999976158142,14587525164.498743
34062,08065350,0.05999999865889549,7805836395.40786
34063,08065350,0.2199999988079071,15289192781.74706
34064,08065350,0.11999999731779099,10674899727.218807
34066,08065350,0.2800000011920929,1473580614.6534033
34453,08065350,0.27000001072883606,451474281.614216
34471,08065350,0.15000000596046448,3712689933.3637905
35495,08068400,0.2199999988079071,2281922998.235493
35496,08068400,0.15000000596046448,1505753490.6364107
35497,08068500,0.2199999988079071,3350880929.8575444
35498,08068500,0.15000000596046448,1505939044.1942797
35520,08070200,0.2199999988079071,2392699836.2668037
35525,08070200,0.15000000596046448,1375952684.856077
35551,08123800,0.2800000011920929,454423296.1289221
35552,08123800,0.2199999988079071,53956766029.55719
35556,08123800,0.15000000596046448,346702258.85712105
35601,08123800,0.11999999731779099,7699873836.075957
35645,08123800,0.05999999865889549,1838569472.452258
35900,08123800,0.1899999976158142,2415573.913960769
36434,08123850,0.2199999988079071,58654224158.094864
36436,08123850,0.15000000596046448,405290229.4055492
36511,08123850,0.1899999976158142,437344068.6634589
36545,08123850,0.11999999731779099,7938517396.462228
36552,08123850,0.05999999865889549,3274873991.301715
36953,08123850,0.2800000011920929,738508793.5450784
37103,08123850,0.27000001072883606,89183984.0577702
37728,08181500,0.05999999865889549,45510517814.59539
37752,08181500,0.2199999988079071,691751906.6056174
37799,08181500,0.11999999731779099,453308801.26770115
37806,08181500,0.15000000596046448,50312385.23392889
37809,08181500,0.2800000011920929,988163660.1772405
37823,08181500,0.27000001072883606,549277408.4476253
37947,08181800,0.05999999865889549,45677143543.90339
37950,08181800,0.2800000011920929,1107535373.8087788
37952,08181800,0.2199999988079071,703148692.9630147
37954,08181800,0.11999999731779099,944548268.8622795
37957,08181800,0.15000000596046448,205115624.10261995
38022,08181800,0.27000001072883606,549277408.4476253
38216,08317400,0.05999999865889549,146455600.32292005
38217,08317400,0.27000001072883606,1959717860.1627717
38221,08317400,0.09000000357627869,16607607504.242876
38225,08317400,0.009999999776482582,3868941214.14469
38227,08317400,0.1899999976158142,13768588462.27012
38248,08317400,0.2199999988079071,10658783239.712431
38294,08317400,0.11999999731779099,2053604091.244531
38408,08317400,0.2800000011920929,3342678081.1041555
40191,09095500,0.11999999731779099,4471505476.288496
40192,09095500,0.009999999776482582,7932537096.948984
40193,09095500,0.2199999988079071,2415161157.249917
40195,09095500,0.1899999976158142,11569823303.75146
40216,09095500,0.09000000357627869,1855163278.9911027
40220,09095500,0.27000001072883606,3042567928.107193
40225,09095500,0.05999999865889549,949443700.2371113
40233,09095500,0.2800000011920929,603192712.961142
42073,09105000,0.1899999976158142,2834932946.307133
42076,09105000,0.2199999988079071,893279723.0553869
42077,09105000,0.09000000357627869,167981085.992406
42080,09105000,0.11999999731779099,302611687.13819087
42091,09105000,0.2800000011920929,77093448.89975914
42203,09152500,0.05999999865889549,214753041.5302148
42204,09152500,0.2199999988079071,3334952750.732306
42205,09152500,0.009999999776482582,2874635914.8332844
42210,09152500,0.09000000357627869,10623562459.94047
42212,09152500,0.1899999976158142,13393052054.18674
42233,09152500,0.11999999731779099,50269683.85692518
42257,09152500,0.2800000011920929,736281301.9801725
42269,09152500,0.27000001072883606,93850052.47381051
43534,09163500,0.2199999988079071,6042789692.080367
43535,09163500,0.009999999776482582,10516767591.42897
43540,09163500,0.1899999976158142,25880164957.024254
43542,09163500,0.11999999731779099,9306696131.00241
43548,09163500,0.05999999865889549,1141241285.437015
43559,09163500,0.27000001072883606,3123564756.136348
43567,09163500,0.09000000357627869,12257310393.101145
43574,09163500,0.2800000011920929,1620176049.8236337
46853,09169500,0.009999999776482582,49068159.681842856
46854,09169500,0.27000001072883606,110000987.65170272
46855,09169500,0.1899999976158142,8488690548.2571125
46861,09169500,0.09000000357627869,104494525.46391173
46868,09169500,0.11999999731779099,237480437.28228778
46871,09169500,0.2199999988079071,1378998361.7256627
47164,09171100,0.2199999988079071,1486099513.4358578
47165,09171100,0.1899999976158142,10813812790.17968
47167,09171100,0.09000000357627869,104494525.46391176
47175,09171100,0.009999999776482582,49068159.68184286
47182,09171100,0.27000001072883606,130872735.86436276
47319,09171100,0.11999999731779099,237480437.28228778
47497,09217000,0.1899999976158142,11118960666.817404
47498,09217000,0.009999999776482582,3098661741.7812576
47499,09217000,0.2199999988079071,6176210255.026175
47504,09217000,0.27000001072883606,1601746111.003438
47510,09217000,0.11999999731779099,13094774576.685415
47519,09217000,0.05999999865889549,519924728.64378905
48605,09217000,0.09000000357627869,16461077.170913551
48832,09217000,0.2800000011920929,8518533.736048263
49377,09234500,0.1899999976158142,15968514075.371418
49381,09234500,0.2199999988079071,9027871154.822765
49383,09234500,0.27000001072883606,2555649123.5988965
49385,09234500,0.11999999731779099,18377891606.113617
49390,09234500,0.009999999776482582,3099809189.6540165
49440,09234500,0.05999999865889549,608735499.546192
50247,09234500,0.09000000357627869,16461077.170913551
50406,09234500,0.2800000011920929,141566141.54670244
52097,09302000,0.1899999976158142,8381107396.591867
52098,09302000,0.27000001072883606,1113891064.5579584
52100,09302000,0.05999999865889549,97031877.21559493
52109,09302000,0.2199999988079071,4244627001.0260124
52111,09302000,0.09000000357627869,320272283.23322314
52112,09302000,0.11999999731779099,5143158624.879624
52976,09371492,0.27000001072883606,72463891.86598265
52977,09371492,0.1899999976158142,3480526630.745795
52978,09371492,0.2199999988079071,61679984.06144999
52979,09371492,0.009999999776482582,50265476.42084408
52982,09371492,0.2800000011920929,5053556.88949331
52992,09371520,0.1899999976158142,3941212529.2908993
52993,09371520,0.27000001072883606,108169521.10895306
52994,09371520,0.2800000011920929,5053556.88949331
52995,09371520,0.2199999988079071,258701340.00875434
52998,09371520,0.009999999776482582,50265476.42084408
53022,09406000,0.09000000357627869,170722186.52159595
53024,09406000,0.1899999976158142,2482026261.2829947
53027,09406000,0.27000001072883606,410858164.3135562
53028,09406000,0.11999999731779099,279077815.81755716
53030,09406000,0.2199999988079071,262369418.91648418
53052,09406000,0.05999999865889549,463139798.8909929
53162,10129900,0.11999999731779099,9006975.307717552
53166,10129900,0.09000000357627869,159113263.2020788
53167,10129900,0.2199999988079071,61398256.423684806
53174,10129900,0.05999999865889549,3147941.78843645
53177,10129900,0.27000001072883606,9280976.542319603
53192,10133800,0.11999999731779099,67667056.96628976
53193,10133800,0.2199999988079071,75393031.77316071
53194,10133800,0.27000001072883606,27840824.761768334
53197,10133800,0.05999999865889549,21360774.413147166
53203,10133800,0.1899999976158142,274360241.4694921
53204,10133800,0.09000000357627869,186062191.13287967
53221,10133800,0.009999999776482582,1377144.1980217686
53251,10261500,0.009999999776482582,993669918.8248229
53260,10261500,0.05999999865889549,110068414.81514786
53262,10261500,0.09000000357627869,95624099.62531629
53266,10261500,0.2199999988079071,55148134132.73041
53276,10261500,0.27000001072883606,115340603.59614083
53287,10301500,0.009999999776482582,25851109971.232037
53288,10301500,0.2199999988079071,6100312920.03298
53289,10301500,0.09000000357627869,3530138568.9555907
53302,10301500,0.27000001072883606,475268991.5644987
53381,10301500,0.1899999976158142,73782094.07523814
53792,10301500,0.05999999865889549,2166060.585005587
53906,10343500,0.09000000357627869,188263058.55665138
53907,10343500,0.2199999988079071,94224880.39606513
53908,10348200,0.2199999988079071,1345021669.8598692
53910,10348200,0.09000000357627869,1898688832.8875666
53912,10348200,0.009999999776482582,24808568765.010727
53939,10348200,0.1899999976158142,71798372.12937622
53982,10348200,0.27000001072883606,35943576.09341292
54117,10351650,0.009999999776482582,24896352582.459988
54119,10351650,0.27000001072883606,280910643.45067376
54120,10351650,0.09000000357627869,3652811387.1315217
54139,10351650,0.2199999988079071,13324758603.291899
54370,10351650,0.1899999976158142,71798372.12937623
54483,10351700,0.09000000357627869,3672576724.5057297
54486,10351700,0.009999999776482582,24897729527.180885
54489,10351700,0.2199999988079071,13312755251.270218
54526,10351700,0.27000001072883606,137325130.537736
54635,10351700,0.1899999976158142,71798372.12937623
54838,11044000,0.11999999731779099,231115988.48874682
54839,11044000,0.009999999776482582,5960156725.347446
54840,11044000,0.2199999988079071,1090768174.6911976
54850,11044000,0.09000000357627869,8975999.777128635
54864,11044000,0.27000001072883606,49147908.616473064
54912,11074000,0.009999999776482582,3296100672.797659
54913,11074000,0.11999999731779099,308380528.0816684
54914,11074000,0.2199999988079071,56420335997.08857
54918,11074000,0.27000001072883606,395327130.148106
54928,11074000,0.1899999976158142,322966332.9387603
54929,11074000,0.09000000357627869,106241808.15935709
54973,11074000,0.05999999865889549,126722872.20647386
55096,11111500,0.1899999976158142,617946794.2669101
55097,11111500,0.27000001072883606,22277372.446501616
55101,11176900,0.27000001072883606,474020910.8503411
55102,11176900,0.1899999976158142,870843234.7704154
55107,11176900,0.2199999988079071,211912954.24120945
55138,11176900,0.009999999776482582,1204201369.1426249
55159,11187000,0.2199999988079071,71654572.26829949
55178,11187000,0.09000000357627869,45369187.06306025
55181,11187000,0.009999999776482582,26523190114.942616
55225,11187000,0.27000001072883606,3388158.8716891874
55273,11187000,0.05999999865889549,859455.154140634
55276,11203580,0.009999999776482582,23995415787.98651
55279,11204100,0.009999999776482582,24097624851.287598
55286,11204900,0.009999999776482582,24295980530.926445
55293,11204900,0.2199999988079071,39991130416.1979
55304,11204900,0.09000000357627869,3342929.355005756
55309,11209900,0.2199999988079071,15272956.789317481
55311,11209900,0.009999999776482582,26425109803.423595
55320,11209900,0.05999999865889549,1708841.1200348502
55328,11209900,0.09000000357627869,14020874.266872073
55338,11209900,0.27000001072883606,6484209.674386757
55355,11210950,0.009999999776482582,26533320590.453014
55356,11210950,0.09000000357627869,14020874.266872073
55358,11210950,0.2199999988079071,39966449236.962204
55363,11210950,0.05999999865889549,4017869.1693758694
55372,11210950,0.27000001072883606,6484209.674386757
55414,11251000,0.09000000357627869,618442311.2307222
55417,11251000,0.2199999988079071,40541830500.78128
55420,11251000,0.009999999776482582,26675299133.317463
55608,11251000,0.11999999731779099,2112261.3910912992
55649,11251000,0.05999999865889549,9282866.660761584
55654,11257500,0.009999999776482582,24053590569.651184
55659,11261500,0.009999999776482582,27551217042.891026
55661,11261500,0.2199999988079071,41258735964.49071
55667,11261500,0.09000000357627869,1485643106.7860043
55703,11261500,0.11999999731779099,3374860261.3054647
55830,11261500,0.05999999865889549,17988764.577673
55988,11261500,0.1899999976158142,126884195.93147339
56017,11261500,0.27000001072883606,614771986.2570449
56265,11274538,0.27000001072883606,11145236.144614385
56266,11274538,0.1899999976158142,754646215.4631461
56267,11274538,0.009999999776482582,827434928.2004436
56270,11274538,0.2199999988079071,39939839187.45378
56287,11276500,0.2199999988079071,128928801.93351309
56289,11276500,0.05999999865889549,2005807.618630145
56292,11276500,0.11999999731779099,25807006.02390246
56293,11276500,0.009999999776482582,24365553306.0025
56315,11276500,0.09000000357627869,182783280.45303005
56384,11276600,0.2199999988079071,145537776.36510426
56385,11276600,0.09000000357627869,185324913.06109363
56388,11276600,0.009999999776482582,24367449726.32496
56421,11276600,0.11999999731779099,25807006.02390246
56423,11276600,0.05999999865889549,2005807.618630145
56485,11289650,0.009999999776482582,24835108186.782806
56486,11289650,0.09000000357627869,1462372239.0969856
56487,11289650,0.2199999988079071,264372233.81894895
56497,11289650,0.05999999865889549,24819628.284618296
56514,11289650,0.11999999731779099,2764605476.548166
56528,11289650,0.27000001072883606,13995028.179667845
56547,11289650,0.1899999976158142,17966239.555274658
56700,11302000,0.09000000357627869,2536174755.4548554
56701,11302000,0.009999999776482582,24427347836.828667
56706,11302000,0.2199999988079071,40600472.68994572
56708,11302000,0.11999999731779099,2943069927.809972
56746,11302000,0.05999999865889549,33454953.698154896
56793,11302000,0.27000001072883606,13995028.179667845
56821,11303000,0.2199999988079071,39986880566.31031
56822,11303000,0.009999999776482582,24427347836.828667
56823,11303000,0.27000001072883606,1770143264.0502553
56824,11303000,0.11999999731779099,2943069927.809972
56825,11303000,0.09000000357627869,2473391083.50328
56833,11303000,0.05999999865889549,33454953.698154893
56948,11308900,0.009999999776482582,24067273147.774025
56949,11308900,0.09000000357627869,932175496.0372466
56952,11308900,0.11999999731779099,2861655466.9327292
56955,11308900,0.2199999988079071,22375149.15394657
56959,11308900,0.05999999865889549,7105580.340115116
56962,11308900,0.27000001072883606,7263247.61612699
56996,11319500,0.09000000357627869,1293904033.272946
56998,11319500,0.2199999988079071,17403801.690171547
57009,11319500,0.27000001072883606,2270650.0743994615
57010,11319500,0.009999999776482582,24129535183.415234
57031,11319500,0.11999999731779099,2590974030.83434
57041,11325500,0.09000000357627869,1721207821.4615126
57044,11325500,0.2199999988079071,39999768115.27679
57046,11325500,0.11999999731779099,2946582457.11643
57048,11325500,0.27000001072883606,1625685635.985084
57050,11325500,0.009999999776482582,24146982865.956917
57055,11325500,0.1899999976158142,124676229.08199465
57116,11342000,0.009999999776482582,1334513905.9258356
57117,11342000,0.09000000357627869,700368785.0867975
57118,11342000,0.1899999976158142,1345830476.5689542
57120,11342000,0.2199999988079071,715892655.6753935
57139,11342000,0.11999999731779099,60464097.097736716
57159,11342000,0.05999999865889549,2251874.8492943984
57164,11381500,0.2199999988079071,5576310.016667645
57165,11381500,0.009999999776482582,400979.0863765864
57167,11381500,0.09000000357627869,7223676208.417881
57169,11381500,0.1899999976158142,4547274.584820786
57175,11381500,0.27000001072883606,330878857.14111745
57176,11383500,0.09000000357627869,7144051915.900095
57180,11383500,0.2199999988079071,4343012.769370125
57181,11383500,0.1899999976158142,2668087.721750713
57191,11388000,0.2199999988079071,40074581991.54999
57192,11388000,0.009999999776482582,2539217157.9536467
57194,11388000,0.09000000357627869,12511297.876383653
57198,11388000,0.27000001072883606,559581337.4483862
57199,11388000,0.1899999976158142,11720694782.810324
57248,11390000,0.09000000357627869,3762779220.3401732
57251,11390000,0.009999999776482582,41687396.06231518
57252,11390000,0.11999999731779099,5239019.854006425
57255,11390000,0.1899999976158142,17757506.98432938
57262,11390000,0.2199999988079071,1072389.3023448728
57266,11390000,0.27000001072883606,2351567.1099170647
57268,11390500,0.27000001072883606,3980055167.4846168
57269,11390500,0.009999999776482582,4805161293.903567
57270,11390500,0.1899999976158142,14743670370.503876
57280,11390500,0.09000000357627869,28166260074.441196
57295,11390500,0.2199999988079071,43198449592.511215
57311,11390500,0.11999999731779099,4431974891.551948
57447,11390500,0.05999999865889549,24411022.40601702
58066,11394500,0.2199999988079071,844659678.5634449
58067,11394500,0.09000000357627869,2525395648.5028324
58080,11394500,0.009999999776482582,2199419049.930993
58099,11394500,0.11999999731779099,675611329.2355568
58226,11404500,0.009999999776482582,1737895541.3193667
58227,11404500,0.1899999976158142,275869000.890641
58228,11404500,0.09000000357627869,9394723077.827932
58232,11404500,0.2199999988079071,500542797.20291287
58251,11404500,0.11999999731779099,880155093.1139737
58307,11404500,0.27000001072883606,13533301.269382652
58438,11405300,0.09000000357627869,3814602728.5946827
58440,11405300,0.009999999776482582,506935317.5675509
58447,11405300,0.11999999731779099,29136146.76244547
58453,11405300,0.2199999988079071,2132444.3933665636
58462,11407000,0.2199999988079071,1382635130.8415027
58463,11407000,0.09000000357627869,12280527108.454834
58466,11407000,0.009999999776482582,3168188773.940643
58481,11407000,0.11999999731779099,1036522862.2342837
58506,11407000,0.27000001072883606,229542759.5580762
58616,11407000,0.1899999976158142,309238325.0211314
58884,11427000,0.2199999988079071,2145660.1189409937
58885,11427000,0.09000000357627869,567330774.9307498
58886,11427000,0.11999999731779099,1610547838.728916
58887,11427000,0.009999999776482582,505322582.2318814
58898,11427000,0.1899999976158142,83892708.04252592
58929,11446500,0.11999999731779099,2116466646.0804167
58930,11446500,0.09000000357627869,3238958815.2969785
58932,11446500,0.1899999976158142,206330424.149556
58936,11446500,0.27000001072883606,1792779782.9007714
58940,11446500,0.009999999776482582,25188196055.086647
58952,11446500,0.2199999988079071,40244752507.7215
59094,11454000,0.1899999976158142,10751713939.114916
59095,11454000,0.2199999988079071,147498782.89235103
59098,11454000,0.09000000357627869,745205096.7818906
59100,11454000,0.009999999776482582,501591551.12361836
59113,11454000,0.27000001072883606,16097434.499016918
59153,11454000,0.11999999731779099,10166364.571938898
59185,11462500,0.009999999776482582,14489860.059324078
59186,11462500,0.1899999976158142,15114851673.371798
59188,11462500,0.2199999988079071,141024969.375441
59190,11462500,0.27000001072883606,71590972.18317394
59208,11463980,0.1899999976158142,15353706043.374725
59209,11463980,0.009999999776482582,564609994.875917
59210,11463980,0.2199999988079071,469183427.9200456
59218,11463980,0.27000001072883606,163487255.4325335
59219,11463980,0.09000000357627869,213624172.00805053
59290,11464000,0.2199999988079071,469183427.9200455
59291,11464000,0.009999999776482582,564609994.8759171
59292,11464000,0.09000000357627869,213624172.00805053
59295,11464000,0.27000001072883606,163487255.4325335
59296,11464000,0.1899999976158142,15353706043.374727
59372,11467000,0.1899999976158142,15889849231.852837
59373,11467000,0.009999999776482582,1009561848.5946412
59383,11467000,0.27000001072883606,394743334.97750914
59385,11467000,0.09000000357627869,629338173.7647756
59386,11467000,0.2199999988079071,494289786.5024466
59525,11467600,0.1899999976158142,5951485962.219491
59526,11467600,0.009999999776482582,70436560.6106471
59533,11470500,0.009999999776482582,2576259954.360942
59534,11470500,0.2199999988079071,20317796.888856605
59535,11470500,0.1899999976158142,1182012819.3921854
59559,11477000,0.009999999776482582,3131624278.458113
59560,11477000,0.1899999976158142,17770166776.724297
59587,11477000,0.2199999988079071,162747900.45453703
59626,11477000,0.27000001072883606,15533567.929861067
59690,11480500,0.009999999776482582,1708153176.9818218
59691,11480500,0.2199999988079071,4771742.709416533
59692,11480500,0.1899999976158142,9163039953.211212
59694,11501000,0.09000000357627869,7787649059.845532
59695,11501000,0.2800000011920929,198053620.73634955
59698,11501000,0.1899999976158142,355024101.3552642
59751,11501000,0.15000000596046448,134927508.31714228
59757,11501000,0.2199999988079071,50122590.88639968
59937,11507500,0.09000000357627869,13315910514.71906
59941,11507500,0.1899999976158142,826799448.694212
59943,11507500,0.2800000011920929,452611441.39967716
59945,11507500,0.2199999988079071,513776172.6300315
59968,11507500,0.15000000596046448,1172887986.5079618
60543,11509500,0.09000000357627869,23002757509.692352
60546,11509500,0.1899999976158142,1104637742.6643124
60551,11509500,0.27000001072883606,86808548.45924675
60555,11509500,0.2199999988079071,1326358510.7481515
60585,11509500,0.2800000011920929,572174172.3022281
60652,11509500,0.15000000596046448,1417167427.1588137
61425,11516530,0.09000000357627869,25469528303.06601
61429,11516530,0.2199999988079071,2084605287.1570399
61431,11516530,0.1899999976158142,1184685815.7208295
61487,11516530,0.2800000011920929,575396454.0390542
61506,11516530,0.15000000596046448,1438615711.6184835
61698,11516530,0.27000001072883606,86808548.45924675
62344,11516530,0.009999999776482582,2027879.8673197464
62415,11520500,0.1899999976158142,1793929409.4583387
62417,11520500,0.09000000357627869,27316224077.539795
62419,11520500,0.2800000011920929,575396454.0390542
62435,11520500,0.2199999988079071,2863083409.728281
62442,11520500,0.15000000596046448,1438615711.6184838
62557,11520500,0.11999999731779099,4185551925.701333
62647,11520500,0.009999999776482582,3391401808.2311487
62785,11520500,0.27000001072883606,86808548.45924674
62884,11520500,0.05999999865889549,7868868.661990083
63597,11523000,0.09000000357627869,27470887335.64225
63600,11523000,0.2199999988079071,2884432525.1007767
63601,11523000,0.11999999731779099,6606789442.966437
63604,11523000,0.1899999976158142,1793929409.4583387
63611,11523000,0.15000000596046448,1438615711.6184835
63616,11523000,0.009999999776482582,5920295321.420231
63673,11523000,0.2800000011920929,575396454.039054
63728,11523000,0.05999999865889549,11619274.420729179
63961,11523000,0.27000001072883606,86808548.45924675
64858,11530000,0.2199999988079071,188336145.38277096
64860,11530000,0.009999999776482582,6190650373.117857
64869,11530000,0.11999999731779099,6057309825.383548
64884,11530000,0.09000000357627869,820535670.2142755
64899,11530000,0.1899999976158142,10673457908.514694
64936,11530000,0.27000001072883606,204686280.56149933
64940,11530000,0.2800000011920929,4247989.9397519715
65065,11532500,0.009999999776482582,3379636911.8874636
65068,11532500,0.11999999731779099,1813288690.4008412
65071,11532500,0.27000001072883606,6746752.539039095
65078,11532500,0.1899999976158142,11571010974.98304
65081,11532500,0.09000000357627869,266108175.49825302
65105,11532500,0.2199999988079071,4815929.54681342
65119,12011500,0.09000000357627869,683892757.3669446
65120,12011500,0.1899999976158142,724508828.1270318
65121,12011500,0.2199999988079071,85848838.3073042
65129,12116500,0.1899999976158142,320482108.57105696
65130,12116500,0.09000000357627869,2132548545.7728653
65131,12116500,0.2199999988079071,461054914.6640484
65134,12116500,0.009999999776482582,742228888.4041464
65139,12117600,0.1899999976158142,515655166.4611802
65140,12117600,0.09000000357627869,2224805340.150581
65147,12117600,0.2199999988079071,461054914.6640483
65150,12117600,0.009999999776482582,742228888.4041464
65157,12119000,0.1899999976158142,719912516.9817803
65158,12119000,0.2199999988079071,827636851.1715698
65162,12119000,0.09000000357627869,2224805340.150581
65164,12119000,0.009999999776482582,742228888.4041464
65184,12147500,0.09000000357627869,320097242.75041395
65185,12147500,0.009999999776482582,732729818.1542635
65186,12147600,0.09000000357627869,353614149.7208458
65188,12147600,0.009999999776482582,732729818.1542635
65189,12148000,0.09000000357627869,353614149.7208458
65191,12148000,0.009999999776482582,732729818.1542635
65192,12148000,0.2199999988079071,312115664.9186942
65193,12148300,0.009999999776482582,732729818.1542635
65194,12148300,0.09000000357627869,353614149.7208458
65196,12148300,0.2199999988079071,312115664.9186942
65197,12323770,0.05999999865889549,172807964.33043358
65199,12323770,0.11999999731779099,45172532.03707242
65200,12323770,0.2199999988079071,1704293502.873057
65201,12323770,0.1899999976158142,25754263.574741118
65202,12323770,0.009999999776482582,228742776.7732206
65239,12323770,0.09000000357627869,15243833.828729704
65369,12413370,0.11999999731779099,436515628.27872485
65387,12413445,0.11999999731779099,491012161.872455
65391,12413445,0.27000001072883606,2747871.2968313536
65411,13331500,0.009999999776482582,533542618.0093537
65412,13331500,0.09000000357627869,5860884140.001019
65414,13331500,0.2199999988079071,984186.1961725864
65431,13331500,0.2800000011920929,10924474.376580535
65449,13340000,0.009999999776482582,17787537932.328552
65465,13340000,0.2199999988079071,630148139.2586569
65468,13340000,0.09000000357627869,3949357432.3436766
65587,13340000,0.1899999976158142,51742716.48464939
66008,13340000,0.11999999731779099,550382836.0464529
66166,13340600,0.009999999776482582,9232303036.49362
66196,13340600,0.11999999731779099,1017442960.9562488
66198,13340600,0.2199999988079071,21603337.835138224
66247,13340600,0.09000000357627869,221126.76654686252
66362,13341050,0.009999999776482582,22597344534.149567
66375,13341050,0.2199999988079071,1056293183.8777703
66383,13341050,0.09000000357627869,4138185746.1796083
66393,13341050,0.1899999976158142,53742244.416053176
66536,13341050,0.11999999731779099,1567825797.0027018
67495,13342500,0.009999999776482582,23300853405.696045
67496,13342500,0.2199999988079071,2454836296.729204
67499,13342500,0.09000000357627869,4744578659.01637
67526,13342500,0.05999999865889549,29934181.76689523
67562,13342500,0.11999999731779099,1820430322.8469534
67870,13342500,0.1899999976158142,53742244.41605319
68711,14020000,0.09000000357627869,7083929072.605118
68736,14046890,0.09000000357627869,2819559634.804518
68737,14046890,0.1899999976158142,183106833.46134573
68738,14046890,0.11999999731779099,8009888.047956989
68742,14046890,0.2199999988079071,188498209.1702374
68762,14076500,0.09000000357627869,12005905184.887089
68769,14076500,0.2199999988079071,243402704.74398988
68779,14076500,0.1899999976158142,167749437.88981637
68806,14076500,0.15000000596046448,1316778102.9349663
68862,14076500,0.2800000011920929,800806551.1621954
69377,14087400,0.11999999731779099,653564589.4511417
69378,14087400,0.09000000357627869,13421084508.799156
69379,14087400,0.05999999865889549,54324882.69888825
69383,14087400,0.1899999976158142,1800362710.1071892
69387,14087400,0.15000000596046448,394796342.3124455
69389,14087400,0.2800000011920929,398983452.1609951
69414,14087400,0.2199999988079071,559655536.1825113
69465,14087400,0.009999999776482582,22793238.238625333
70288,14091500,0.09000000357627869,2322214013.572811
70289,14091500,0.2800000011920929,218968628.60110563
70290,14091500,0.2199999988079071,27756641.369738806
70321,14091500,0.1899999976158142,220766589.97379577
70362,14091500,0.15000000596046448,234669053.0123277
70380,14092500,0.09000000357627869,24722269548.728985
70381,14092500,0.2199999988079071,798511430.8789783
70392,14092500,0.15000000596046448,1711574445.2474117
70399,14092500,0.1899999976158142,2238440551.797781
70406,14092500,0.2800000011920929,1411487444.3417253
70411,14092500,0.11999999731779099,1789284416.7590666
71124,14092500,0.05999999865889549,54324882.69888825
71155,14092500,0.009999999776482582,22793238.238625336
72027,14103000,0.09000000357627869,30567033392.94126
72037,14103000,0.15000000596046448,1761691348.091547
72040,14103000,0.2800000011920929,1896357066.3712182
72042,14103000,0.1899999976158142,3071256568.264524
72103,14103000,0.11999999731779099,1813696314.6676965
72106,14103000,0.2199999988079071,1151550253.5935807
72353,14103000,0.009999999776482582,22793238.238625333
72380,14103000,0.05999999865889549,54324882.69888825
74014,14138850,0.2199999988079071,1777532.2107615839
74015,14138850,0.09000000357627869,610552352.0377177
74037,14138850,0.2800000011920929,7620411.614448849
74038,14138870,0.09000000357627869,68497449.78538921
74040,14138900,0.09000000357627869,343591153.4144353
74041,14138900,0.2199999988079071,3611648.1900659516
74044,14139800,0.09000000357627869,157337176.7266345
74047,14139800,0.2800000011920929,10698082.86672134
74053,14139800,0.1899999976158142,4917531.425890926
74056,14144900,0.2199999988079071,13752007.140388368
74057,14144900,0.2800000011920929,3712683.1214642944
74058,14144900,0.09000000357627869,1529163141.6387632
74071,14145500,0.2199999988079071,95509827.2361237
74072,14145500,0.1899999976158142,7824710.513127871
74073,14145500,0.2800000011920929,294455538.5444488
74074,14145500,0.09000000357627869,2675072082.543421
74080,14145500,0.009999999776482582,1501208.783852024
74149,14148000,0.2199999988079071,188963513.89792037
74151,14148000,0.09000000357627869,3726198923.0565114
74156,14148000,0.2800000011920929,487091230.1441361
74164,14148000,0.009999999776482582,2514320.548360467
74192,14148000,0.15000000596046448,5812995.664659139
74300,14148000,0.1899999976158142,7824710.513127871
74329,14150000,0.2199999988079071,216493215.6291184
74330,14150000,0.1899999976158142,95045202.84670119
74331,14150000,0.09000000357627869,4006923780.6747193
74336,14150000,0.2800000011920929,1468971090.0025024
74378,14150000,0.009999999776482582,2514320.548360467
74403,14150000,0.15000000596046448,5812995.664659139
74546,14150300,0.2199999988079071,10616342.774755249
74547,14150300,0.09000000357627869,1573655774.2351513
74571,14150800,0.09000000357627869,1383834560.3290677
74574,14150800,0.2199999988079071,4496448.740332909
74579,14151000,0.09000000357627869,1636357940.5618947
74580,14151000,0.2199999988079071,15521243.696971208
74587,14151000,0.1899999976158142,47152005.32685584
74618,14152000,0.09000000357627869,4237911351.0045686
74626,14152000,0.2199999988079071,256146397.11773264
74632,14152000,0.1899999976158142,211140642.945511
74635,14152000,0.2800000011920929,1481680952.9650118
74647,14152000,0.15000000596046448,5812995.664659139
74721,14152000,0.009999999776482582,2514320.548360467
74900,14152500,0.2199999988079071,5227977.252736187
74901,14152500,0.2800000011920929,12393345.29162162
74902,14152500,0.09000000357627869,5690466.77921974
74905,14152500,0.1899999976158142,945048728.1528332
74907,14153500,0.09000000357627869,5690466.779219741
74908,14153500,0.2199999988079071,10206820.298602946
74910,14153500,0.2800000011920929,994837960.5740222
74915,14153500,0.1899999976158142,945048728.1528332
74917,14155500,0.09000000357627869,1641023130.8662384
74918,14155500,0.1899999976158142,1459196228.0032177
74921,14155500,0.2199999988079071,62340926.73694433
74956,14155500,0.009999999776482582,28698882.51181531
74997,14155500,0.2800000011920929,2846026.532560783
74999,14159200,0.2199999988079071,45077685.525876425
75000,14159200,0.2800000011920929,343635624.4249996
75001,14159200,0.09000000357627869,934225478.9481435
75038,14159500,0.09000000357627869,973400998.8938198
75039,14159500,0.2199999988079071,57292303.87284203
75059,14159500,0.2800000011920929,343635624.4249996
75066,14159500,0.009999999776482582,2679230.9128626906
75092,14161100,0.09000000357627869,1378185458.996194
75099,14161100,0.2199999988079071,6217555.649878616
75102,14161100,0.009999999776482582,579408.2844889963
75112,14161500,0.09000000357627869,1321258078.1464949
75115,14161500,0.2199999988079071,9189998.031446073
75130,14162500,0.09000000357627869,5128038595.876653
75132,14162500,0.2800000011920929,524760595.0415342
75133,14162500,0.2199999988079071,175051044.7836557
75242,14162500,0.009999999776482582,23970772.81854434
75263,14162500,0.1899999976158142,1594252.0774597998
75396,14166000,0.09000000357627869,8448873621.78307
75397,14166000,0.009999999776482582,62178569.23224527
75399,14166000,0.2199999988079071,513105213.8017248
75409,14166000,0.2800000011920929,2021239314.0658925
75422,14166000,0.1899999976158142,1842312505.370532
75557,14166000,0.15000000596046448,1039547356.0947713
76135,14169000,0.2800000011920929,166843836.24913743
76136,14169000,0.009999999776482582,29381423.809450578
76139,14169000,0.1899999976158142,4642813985.777346
76140,14169000,0.11999999731779099,114749445.59501229
76144,14169000,0.15000000596046448,300735360.87199175
76156,14169000,0.09000000357627869,50520252.43567847
76162,14169000,0.2199999988079071,38863107.057177514
76189,14174000,0.2199999988079071,574115862.5074553
76190,14174000,0.009999999776482582,175794461.97350454
76192,14174000,0.09000000357627869,9151086899.83239
76200,14174000,0.2800000011920929,2339019410.0904546
76239,14174000,0.1899999976158142,8529132379.69749
76308,14174000,0.15000000596046448,1504465693.245351
76376,14174000,0.11999999731779099,247084687.59251934
77141,14178000,0.09000000357627869,2335694580.338727
77144,14178000,0.2199999988079071,29318215.109097205
77154,14178000,0.2800000011920929,90946244.0242908
77228,14179000,0.09000000357627869,1270770660.0088797
77234,14179000,0.2199999988079071,28405679.049964644
77236,14179000,0.2800000011920929,140227437.35987723
77271,14180300,0.09000000357627869,1118302837.062818
77272,14180300,0.2199999988079071,20538494.057136834
77287,14180300,0.1899999976158142,42388889.795499966
77288,14181500,0.09000000357627869,2568420771.1861057
77294,14181500,0.2800000011920929,233773274.5426436
77295,14181500,0.009999999776482582,7480673.937456497
77297,14181500,0.2199999988079071,97195679.87926942
77377,14181500,0.1899999976158142,42388889.795499966
77451,14182500,0.09000000357627869,1831198079.1177194
77453,14182500,0.2800000011920929,991580359.933159
77456,14182500,0.2199999988079071,46491174.26031328
77462,14182500,0.009999999776482582,3722607.2272305014
77493,14187200,0.09000000357627869,3675684747.916455
77497,14187200,0.1899999976158142,184667853.68927217
77499,14187200,0.009999999776482582,20246344.786589097
77514,14187200,0.2199999988079071,71815406.60112907
77568,14187200,0.2800000011920929,16609375.321885167
77612,14187500,0.09000000357627869,3820540943.98331
77613,14187500,0.1899999976158142,231075260.4486592
77615,14187500,0.2800000011920929,1024476152.6416297
77617,14187500,0.2199999988079071,71815406.60112908
77656,14187500,0.009999999776482582,20246344.786589097
77744,14197900,0.09000000357627869,14413442752.359299
77745,14197900,0.2800000011920929,3489639628.576407
77746,14197900,0.11999999731779099,1147618235.968906
77749,14197900,0.2199999988079071,1358764146.0070333
77750,14197900,0.15000000596046448,3042009486.1870165
77764,14197900,0.1899999976158142,9689499468.804394
77767,14197900,0.009999999776482582,620983130.6113474
78659,14197900,0.27000001072883606,64639998.63693613
79393,14202980,0.1899999976158142,135143222.6936735
79394,14202980,0.11999999731779099,13502520.53310395
79395,14202980,0.2800000011920929,2280573.248711818
79398,14202980,0.09000000357627869,369011298.00834763
79400,14202980,0.009999999776482582,58186264.39867788
79402,14202980,0.2199999988079071,3928287.387931423
79411,14206950,0.09000000357627869,879020285.5289967
79414,14206950,0.15000000596046448,334117335.91658306
79415,14206950,0.1899999976158142,12326055.059349176
79419,14206950,0.2800000011920929,175092127.52656397
79427,14211010,0.09000000357627869,3539805396.6138544
79432,14211010,0.2800000011920929,327782184.64385086
79450,14211010,0.15000000596046448,111617456.73767626
79452,14211010,0.1899999976158142,359634070.77077
79461,14211010,0.2199999988079071,188770766.65737793
79553,14211010,0.009999999776482582,23849513.201010294
79711,14211400,0.09000000357627869,32750283.142371573
79715,14211400,0.1899999976158142,164167444.26715252
79717,14211499,0.09000000357627869,26096867.124998834
79719,14211499,0.1899999976158142,171022784.8349244
79724,14211499,0.15000000596046448,14867187.271249326
79725,14211500,0.09000000357627869,53155047.86962823
79727,14211500,0.1899999976158142,175861723.59451574
79729,14211500,0.15000000596046448,29923407.673135534
79736,14211500,0.2199999988079071,133833907.37844376
79740,14211550,0.09000000357627869,54119154.210556746
79741,14211550,0.1899999976158142,180488715.06308776
79745,14211550,0.2199999988079071,133833907.37844376
79746,14211550,0.15000000596046448,97170202.1710935
79759,14316495,0.09000000357627869,891428084.6933825
79761,14316495,0.2199999988079071,4615042.261683994
79771,14316500,0.09000000357627869,3555886407.971022
79772,14316500,0.2800000011920929,209935692.40230015
79777,14316500,0.2199999988079071,28511964.82285675
79782,14316500,0.1899999976158142,651757.1879103939
79783,14316500,0.009999999776482582,31288689.65954085
79900,14318000,0.1899999976158142,490278053.6866316
79901,14318000,0.2199999988079071,32963851.62073055
79902,14318000,0.09000000357627869,673217124.6408769
79904,14318000,0.009999999776482582,100448478.60438846
79955,14319500,0.2199999988079071,149306820.93234456
79956,14319500,0.09000000357627869,6103496533.088264
79965,14319500,0.2800000011920929,287858834.03539485
79970,14319500,0.009999999776482582,147674169.14404225
79993,14319500,0.1899999976158142,2580263784.717078
80109,14319500,0.11999999731779099,36729668.562707216
80254,14321000,0.09000000357627869,7966178062.940327
80255,14321000,0.1899999976158142,13770515838.105032
80260,14321000,0.2800000011920929,491706148.298949
80272,14321000,0.009999999776482582,852782011.7201381
80276,14321000,0.11999999731779099,905243830.5003551
80280,14321000,0.2199999988079071,250540884.09574544
80865,14330000,0.2199999988079071,1632907.5267270505
80866,14330000,0.2800000011920929,49188447.07489174
80868,14330000,0.09000000357627869,3382787182.520441
80869,14330000,0.009999999776482582,30067372.019853845
80936,14334700,0.2199999988079071,1683389.1328541322
80937,14334700,0.2800000011920929,143183417.99926847
80938,14334700,0.09000000357627869,2505434299.104482
80947,14334700,0.1899999976158142,16749838.087098949
80993,14337500,0.09000000357627869,1840453299.9565077
80994,14337500,0.2199999988079071,12209736.52250376
80995,14337500,0.2800000011920929,36281919.31728043
81013,14337500,0.1899999976158142,137501346.18863642
81045,14337600,0.09000000357627869,5680419041.645311
81046,14337600,0.2800000011920929,220658520.352471
81051,14337600,0.009999999776482582,42103324.78678024
81056,14337600,0.2199999988079071,31503085.257861942
81078,14337600,0.1899999976158142,140320241.78798038
81227,14337800,0.09000000357627869,1004215622.214704
81229,14337800,0.009999999776482582,24120597.045816965
81235,14337800,0.2199999988079071,9889144.091485888
81254,14337870,0.009999999776482582,2719187.6210695915
81255,14337870,0.09000000357627869,1662159458.9143105
81261,14338000,0.009999999776482582,30000848.940398015
81262,14338000,0.09000000357627869,1792179343.2814796
81276,14338000,0.2199999988079071,9889144.091485888
81302,14339000,0.2199999988079071,52864190.39903826
81303,14339000,0.009999999776482582,62721403.29178797
81304,14339000,0.09000000357627869,5787679698.577249
81314,14339000,0.2800000011920929,241470682.92199814
81374,14339000,0.1899999976158142,140320241.7879804
81538,14362000,0.009999999776482582,339083580.78816164
81539,14362000,0.2199999988079071,3636281.1430224883
81545,14362000,0.09000000357627869,480528624.1187894
81559,14362000,0.11999999731779099,730464244.7663933
81571,14362000,0.1899999976158142,484945888.0606719
81574,14366000,0.009999999776482582,656008634.0512884
81576,14366000,0.11999999731779099,770600610.1392525
81580,14366000,0.2800000011920929,71416117.4426605
81582,14366000,0.2199999988079071,3636281.143022489
81586,14366000,0.09000000357627869,916907220.6361163
81629,14366000,0.1899999976158142,487471477.10883135
81635,14369500,0.009999999776482582,769485742.6453738
81637,14369500,0.2800000011920929,79083536.70013738
81638,14369500,0.09000000357627869,1210155891.123819
81641,14369500,0.2199999988079071,66220533.91883111
81645,14369500,0.11999999731779099,826263358.9483502
81660,14369500,0.1899999976158142,487471477.10883135
81752,14372300,0.09000000357627869,8722357587.645672
81755,14372300,0.009999999776482582,2400335442.5781274
81760,14372300,0.2199999988079071,383181012.25659615
81766,14372300,0.11999999731779099,1819718665.8272452
81778,14372300,0.2800000011920929,731512651.2318567
81788,14372300,0.1899999976158142,3691744259.629781
82319,14372300,0.27000001072883606,311671967.1343275
82481,15081497,0.1899999976158142,2574053644.379212
82482,15085100,0.1899999976158142,659879678.7454821
82484,15261000,0.1899999976158142,4294614251.4243217
