KGE,NSE,sitenum,summer_params,winter_params,spring_params
0.8299322349900184,0.6439396611254943,02423130,[ 4.74561917e-01 -9.19207000e-04  1.08261203e+01],[3.45285692e-01 1.81724631e-03 8.09168000e+00],[ 5.64294897e-01 -1.87168348e-03  7.47359559e+00]
0.8761054725551508,0.8425279057659469,02423496,[ 7.04967216e-01 -3.67238031e-04  7.98314950e+00],[3.40018362e-01 5.40573674e-04 7.09144801e+00],[ 7.03193596e-01 -4.85845904e-04  6.56853481e+00]
0.847252736461259,0.8262902684414617,02455980,[5.13803011e-01 2.21996402e-03 9.13624561e+00],[3.46925985e-01 2.11816600e-03 8.83452089e+00],[ 4.69420186e-01 -1.10724818e-03  9.58292928e+00]
0.8498281526843524,0.8344999130530729,02457595,[7.02867057e-01 3.14994371e-04 6.92292582e+00],[3.83140626e-01 1.49532882e-03 7.55537466e+00],[ 6.47724919e-01 -1.37143000e-03  7.48141975e+00]
0.7852437134141825,0.8144852906954521,02458450,[ 6.40169989e-01 -8.33953965e-05  9.03378588e+00],[4.19616302e-01 1.30128165e-03 8.30153608e+00],[ 6.66105404e-01 -2.14196618e-03  7.86626861e+00]
0.8346972613510811,0.8387182619785651,10261500,[0.52279912 0.05928559 7.95336974],[ 3.16752296e-01 -1.66028280e-04  7.36077684e+00],[ 4.40678508e-01 -9.22067617e-03  9.41004756e+00]
0.9035052370570062,0.8532957149712527,10343500,[ 0.49246726 -0.00922948  3.54794465],[ 0.15969334 -0.01621803  1.94931111],[ 0.50075715 -0.02457781  3.09442908]
0.8517038956609735,0.6732582349860556,11044000,[ 0.33585195  0.02095977 15.74706209],[ 3.15561113e-01 -2.79823560e-04  9.86988072e+00],[ 4.66149998e-01 -2.63397195e-03  1.06456817e+01]
0.9057422257457843,0.8045300415769241,11074000,[ 4.31538291e-01 -1.62371012e-03  1.26158107e+01],[ 2.30341648e-01 -4.58717939e-04  1.12497418e+01],[ 3.92163279e-01 -7.20947276e-03  1.38633232e+01]
0.8123663606607784,0.7093502988536939,11176900,[ 5.12454436e-01 -2.40537201e-03  1.08645048e+01],[4.70329213e-01 1.69830850e-03 5.55472766e+00],[ 6.75903104e-01 -2.92731305e-03  8.21751981e+00]
0.852903660407733,0.8238700934139911,11203580,[ 0.49389006 -0.01288799  5.95243287],[ 2.93282683e-01 -8.47912595e-06  3.58962690e+00],[ 0.54600384 -0.01918518  3.56854272]
0.8794407059732794,0.8488156704064895,11204100,[ 0.63639819 -0.03312246  5.94718459],[3.47997571e-01 1.09559084e-03 4.86070333e+00],[ 0.59981682 -0.01641938  5.28208482]
0.3578495999573833,0.08933242330116453,11251000,[4.49868727e-02 1.52644495e-04 1.20837724e+01],[ 1.48559683e-01 -3.98402389e-04  9.94594522e+00],[ 1.63137924e-01 -2.68254214e-04  8.26479480e+00]
0.7933292492633598,0.7895465591247454,11261500,[7.00105148e-01 3.95242479e-04 7.04021166e+00],[ 5.69434545e-01 -8.60634923e-05  5.54767275e+00],[ 6.47633325e-01 -1.96236446e-04  8.37226350e+00]
0.32962643696049987,-0.6698143840830413,11274538,[0.54508486 0.11427438 6.80687499],[4.03338999e-01 6.05647563e-04 6.00853797e+00],[ 5.48464346e-01 -2.72875532e-03  7.65402852e+00]
0.59499522850861,0.32991313876829187,11276500,[6.13802503e-02 9.74987602e-05 9.91184058e+00],[1.24877293e-01 1.07083289e-04 8.30346728e+00],[ 1.90577960e-01 -1.70930959e-04  6.65524836e+00]
0.8438467902665922,0.7027687714311245,11276600,[ 4.00876321e-01 -9.70345053e-04  8.62072093e+00],[2.11517427e-01 2.52325993e-03 5.43222584e+00],[ 3.97839804e-01 -9.33329522e-04  7.71713591e+00]
0.5840299730466387,0.050663991229173755,11289650,[ 3.94881211e-02 -2.86337555e-04  1.13346000e+01],[ 8.95009892e-02 -2.15224696e-05  9.89304832e+00],[ 6.48147268e-02 -1.83804602e-04  1.00053963e+01]
0.8535949329540776,0.7210617605442088,11303000,[ 4.72224399e-01 -3.36449329e-03  1.05513560e+01],[ 4.16565418e-01 -1.41030826e-04  6.27071895e+00],[ 4.35625107e-01 -2.07780545e-03  9.50583776e+00]
0.8779136235848403,0.8098248033426344,11381500,[ 5.96066338e-01 -4.62670038e-03  5.08026148e+00],[4.17098454e-01 1.17844467e-03 3.19275278e+00],[ 5.32136436e-01 -1.90162696e-03  4.37854033e+00]
0.8578312500692971,0.782145334336049,11383500,[6.73072196e-01 2.71784586e-03 3.48471740e+00],[3.92114471e-01 1.09037838e-03 3.01180967e+00],[ 6.70935016e-01 -1.48697867e-03  2.98342557e+00]
0.8501517164618739,0.7335064725110056,11390000,[5.69032305e-01 4.18279919e-04 4.38563907e+00],[3.56297499e-01 1.10166534e-03 3.14722282e+00],[ 5.54724541e-01 -1.13194510e-03  3.32702133e+00]
0.8437889236017739,0.7191225588842363,11390500,[3.71935339e-01 2.28184487e-05 1.03359307e+01],[ 4.50447660e-01 -5.54123241e-05  6.33059484e+00],[ 4.35647030e-01 -2.13825235e-04  1.05668550e+01]
0.8487823353224796,0.6281807610093773,11446500,[ 1.00465293e-01 -6.99398467e-04  1.66844057e+01],[ 3.29511579e-01 -2.01161074e-05  7.64742143e+00],[ 2.82175388e-01 -1.40332111e-04  8.26282830e+00]
0.8040144208523536,0.6186551096922547,11523000,[ 5.41257217e-01 -2.93617258e-04  9.24750446e+00],[2.68266932e-01 1.59163557e-05 5.18642198e+00],[ 5.08548542e-01 -2.25943718e-04  8.14870319e+00]
0.8880019920371081,0.8043669387786216,11530000,[ 4.90153529e-01 -4.25811641e-04  9.36462319e+00],[2.30528504e-01 3.77121719e-05 5.43050411e+00],[ 4.40528137e-01 -1.83736942e-04  7.11045269e+00]
0.8610184214674745,0.8743613838548223,06711565,[6.35651938e-01 3.00461232e-04 6.58576687e+00],[2.94483607e-01 3.42783886e-03 3.53339120e+00],[5.94023036e-01 8.19282015e-05 5.96142037e+00]
-0.9310206757451087,-14.97960040754435,07097000,[-1.20089370e-04  3.51215339e-05  1.24200035e+01],[-8.99758486e-04 -1.74577942e-04  1.25455750e+01],[-3.07065701e-05 -2.08737338e-05  1.25201527e+01]
0.8652088026797867,0.815803039233347,07106000,[6.04484532e-01 4.33726015e-04 6.84293685e+00],[0.31779362 0.02456463 2.1582527 ],[5.96852712e-01 3.41043502e-04 6.13005520e+00]
0.8474603543249891,0.8831928485342034,07106500,[6.70838407e-01 1.89757705e-04 6.19485521e+00],[0.32540263 0.00628535 3.1163893 ],[ 6.49214398e-01 -1.96931379e-03  5.50637375e+00]
0.8694647801789036,0.8833926723180812,07109500,[ 5.27950022e-01 -8.52473127e-04  9.77113987e+00],[0.29016056 0.00974566 1.92556293],[ 4.51071706e-01 -2.99964993e-04  7.43110611e+00]
0.8046568194316364,0.8448894146604418,07124000,[6.97403575e-01 9.30159092e-04 5.75448062e+00],[ 0.31833462 -0.00714716  4.8104306 ],[6.00192941e-01 2.13192913e-03 6.10725522e+00]
0.7957000328271079,0.7954625781960526,07130500,[6.23522689e-01 4.93831645e-04 6.98011806e+00],[0.28423998 0.01112731 3.61610281],[4.88441166e-01 2.46117703e-03 6.11891852e+00]
0.8648540223984718,0.8969392808050286,09095500,[ 6.60574341e-01 -3.19673583e-04  5.65027832e+00],[3.44246030e-01 5.98770735e-04 1.41170419e+00],[ 5.29102501e-01 -1.51924309e-04  5.45252946e+00]
0.8642266226116393,0.890603393618781,09105000,[ 0.72746474 -0.00351104  2.97635696],[0.30924097 0.01849175 0.41875024],[ 5.87613868e-01 -2.14923340e-03  3.45786592e+00]
0.8339080784780534,0.8755329451365081,09152500,[ 5.84226149e-01 -1.02837533e-03  7.65718196e+00],[3.98723748e-01 7.84635454e-04 2.22713704e+00],[ 5.91770402e-01 -4.62867903e-04  5.10991613e+00]
0.8455697057508964,0.8898824844884353,09163500,[ 6.41239129e-01 -2.48156876e-04  6.66245019e+00],[3.82005767e-01 6.54139359e-04 6.87052177e-01],[ 5.61087197e-01 -1.12726190e-04  5.54565521e+00]
0.8599734507845849,0.8957998686904833,09169500,[7.86003938e-01 9.60211928e-04 4.52121519e+00],[ 0.3091104  -0.02147529  2.69006   ],[ 7.08721036e-01 -3.63746542e-03  5.80295977e+00]
0.8464396312503877,0.8872997472620661,09171100,[8.02389296e-01 1.38968357e-03 4.56006455e+00],[ 3.73339444e-01 -2.66221936e-04  2.50113253e+00],[ 6.69252451e-01 -3.52423224e-03  6.79965553e+00]
0.9169804548017949,0.9265098834389349,09371492,[0.72725108 0.17367969 1.19444963],[1.99617369e-01 5.65129408e-04 1.10721947e+00],[0.59895064 0.31629562 2.58876924]
0.9606237556276606,0.9253834716351584,09371520,[0.70117966 0.01195748 3.66986418],[0.3472022  0.03148712 2.46901773],[ 6.14807277e-01 -4.50311766e-03  6.53379647e+00]
0.7352168777841797,0.6598575000611686,02298202,[ 7.03683437e-01 -2.49116434e-04  9.55369485e+00],[ 4.23977736e-01 -3.54330008e-04  1.23829759e+01],[ 7.68973255e-01 -6.44535163e-04  7.92220479e+00]
0.7653368150079654,0.7126572870537469,02300021,[ 6.72284793e-01 -4.37429591e-04  1.09140121e+01],[4.94515587e-01 5.52120704e-04 1.13583218e+01],[ 8.28677742e-01 -5.39940908e-04  6.73405180e+00]
0.7341530416168043,0.6829485533160161,02301719,[ 6.22841627e-01 -6.03664596e-04  1.19776170e+01],[4.06577068e-01 4.74816558e-04 1.22483788e+01],[ 7.69072897e-01 -1.27580113e-03  7.55910305e+00]
0.455599322587782,-0.005432459219107955,02304510,[5.27861015e-01 1.77417603e-03 1.32426696e+01],[ 0.32864335 -0.01921411 15.211635  ],[ 5.27167678e-01 -2.57983168e-03  1.24636349e+01]
0.6705421908037956,0.4708585919983459,02310650,[ 1.47852006e-01 -2.44114742e-04  1.98392549e+01],[9.72315948e-02 1.33015139e-03 2.05686697e+01],[1.35066797e-01 3.82108784e-06 2.02986032e+01]
0.7123956881433571,0.644157337637738,02310700,[ 7.16657331e-01 -6.50257908e-04  8.96272531e+00],[ 3.65817687e-01 -2.48664988e-04  1.35798493e+01],[7.25873628e-01 4.21654074e-04 9.00937450e+00]
0.7621555093674846,0.6833777974953391,02310747,[6.60706924e-01 2.20005024e-04 9.91277424e+00],[3.23884864e-01 2.06826451e-04 1.41664310e+01],[6.78562381e-01 3.20766280e-04 9.48541270e+00]
-0.003996445822916916,-2.8373326894517192,02323592,[ 5.79798364e-01 -7.34628786e-05  1.22779862e+01],[ 2.49583256e-01 -2.27024219e-04  1.55506350e+01],[ 6.29543047e-01 -1.94388637e-04  1.15650897e+01]
0.8306217817721282,0.8262477494436518,02203655,[6.92750877e-01 4.17294687e-03 5.60259313e+00],[4.45978663e-01 2.63276319e-03 5.48121216e+00],[6.65482085e-01 1.36580872e-05 5.67838799e+00]
0.8335674918278535,0.8276449722179514,02203700,[6.95234177e-01 4.67246484e-03 6.16434197e+00],[0.43335609 0.00982253 6.13862116],[ 6.53990995e-01 -2.49759326e-03  6.51332365e+00]
0.8440116996798717,0.8312594505544663,02207120,[ 7.01354993e-01 -3.43613292e-04  6.66034898e+00],[4.05903231e-01 3.86031124e-04 6.23282066e+00],[ 6.83087512e-01 -7.46563748e-04  6.17108689e+00]
0.8298180369290526,0.8117220844887547,02207185,[0.63019817 0.01943226 6.34084448],[0.41707533 0.00807658 6.0386373 ],[ 5.80501225e-01 -1.06528052e-04  6.94170755e+00]
0.8214829829430497,0.8044507861872101,02207385,[0.61048358 0.01055868 6.83549582],[4.02534998e-01 1.72675076e-03 6.69988753e+00],[ 5.62289493e-01 -1.25426983e-03  7.14870076e+00]
0.8386354657481571,0.8147744365521769,02207400,[0.62802854 0.03159741 6.64890618],[0.41533717 0.00720397 6.3226356 ],[ 5.89494817e-01 -1.30790878e-03  7.23197895e+00]
0.83902165279773,0.8223907919564347,02208150,[6.72579288e-01 1.54490326e-03 5.84480660e+00],[4.24890032e-01 3.02348110e-03 5.51229341e+00],[ 6.32550137e-01 -1.03565727e-03  6.06223656e+00]
0.8326832708801679,0.8057679026105732,02217274,[0.57749154 0.08802482 6.81614913],[0.41357035 0.06561673 6.06663295],[ 0.5318764  -0.01500769  6.72721048]
0.8258809527850896,0.822712966556449,02218565,[0.62832984 0.00935155 6.39828562],[0.4253864  0.01630685 5.86217949],[5.89390593e-01 1.22792980e-03 6.43161761e+00]
0.8045621064100705,0.7591593765785379,02330450,[ 5.97240735e-01 -2.20681283e-03  6.85714244e+00],[4.02826703e-01 4.08257985e-03 4.85481491e+00],[ 5.43398026e-01 -4.19553224e-03  6.41236503e+00]
0.3282657126862697,-0.24727236595330693,02334430,[-9.61617224e-02  3.75137032e-04  1.26038101e+01],[1.47627440e-01 1.21171005e-04 8.81576696e+00],[ 8.20001234e-02 -1.20234074e-05  7.75036418e+00]
0.8362943243431674,0.8235969785805979,02334480,[0.60266793 0.00935501 6.85581605],[0.42234927 0.00971597 5.8021116 ],[ 5.81711049e-01 -2.09899058e-05  6.18231878e+00]
0.8421477024506548,0.813224429988854,02334578,[0.58336633 0.01366129 6.96980108],[0.4000455  0.01174919 6.21484952],[5.62596722e-01 1.55808567e-04 6.37987364e+00]
0.859197907517526,0.8233333213949197,02334885,[6.49053600e-01 5.71460610e-04 6.57372721e+00],[3.72701390e-01 2.33178829e-03 5.75265957e+00],[ 6.30814167e-01 -5.68120260e-04  6.08629714e+00]
0.7236580873561147,0.25894348787273846,02335000,[7.65419228e-02 5.60848174e-05 1.21341717e+01],[2.55703735e-01 2.11267914e-04 7.70144141e+00],[ 2.25197546e-01 -5.66851711e-04  9.27480594e+00]
0.8304999869610804,0.8214833583727826,02335350,[6.50314492e-01 2.94831102e-03 6.80060214e+00],[4.18684587e-01 4.33521361e-03 6.19236644e+00],[6.27792155e-01 2.27959244e-03 6.34950578e+00]
0.8500697908760276,0.8149483419325991,02336030,[0.56996047 0.00909532 8.08402547],[4.25060249e-01 5.67135246e-03 7.27417747e+00],[0.5639153  0.00839929 7.25143328]
0.8404479366190483,0.8334968745744412,02336120,[ 7.11381078e-01 -2.79380253e-05  6.04651344e+00],[4.60902075e-01 1.29640531e-03 5.52631850e+00],[ 7.02763125e-01 -7.56817284e-04  5.62556295e+00]
0.8243017540375539,0.8343173482682483,02336240,[ 7.32362370e-01 -3.98189373e-04  5.45512364e+00],[4.56024184e-01 1.87321970e-03 5.48425902e+00],[ 6.98676647e-01 -7.63126073e-04  5.58329816e+00]
0.8347998128430622,0.84426956143224,02336300,[ 7.55571936e-01 -6.14024925e-04  5.79995312e+00],[4.66766938e-01 6.83480367e-04 5.60146275e+00],[ 7.39738448e-01 -5.76866257e-04  5.41091036e+00]
0.8318697091789474,0.8351244041710355,02336360,[7.43867519e-01 3.20761592e-04 5.41043194e+00],[4.52960433e-01 2.43208939e-03 5.30048667e+00],[ 7.12556418e-01 -9.59459275e-04  5.50566768e+00]
0.8361926904247846,0.8379389867789572,02336410,[7.41514234e-01 7.81944873e-04 5.23823207e+00],[4.57173178e-01 1.78122358e-03 5.17339175e+00],[ 7.11818119e-01 -1.38777489e-03  5.42107530e+00]
0.8230916580546989,0.8349736661855265,02336526,[0.78166037 0.00507463 4.22043493],[0.46522629 0.00761967 4.91299919],[ 7.19887702e-01 -7.21124817e-04  5.45329521e+00]
0.8392833468681199,0.8328806260715829,02336728,[7.13444728e-01 1.98184114e-03 5.84697984e+00],[4.47070497e-01 3.66117472e-03 5.51333918e+00],[ 0.69170212 -0.00654536  5.83744199]
0.8686260014632038,0.796242864290633,02337170,[ 5.04068372e-01 -1.68119000e-04  1.04447210e+01],[ 3.38728169e-01 -1.10280760e-04  8.64905483e+00],[ 5.31174124e-01 -6.49721973e-04  9.90239673e+00]
0.8763056346184295,0.8342549870574779,02397000,[ 5.34879184e-01 -7.98754057e-05  1.18373968e+01],[ 2.99306943e-01 -2.81476586e-05  7.91492071e+00],[ 6.22747340e-01 -1.95166780e-04  7.89268614e+00]
0.9050072295642526,0.8717833027025429,12413370,[ 0.42877457 -0.03503043  7.06590769],[2.36664083e-01 1.75508419e-03 2.81320946e+00],[ 0.39456412 -0.00435275  3.69616955]
0.9124313351488056,0.8710328031247918,12413445,[ 0.1321483  -0.01186035 10.14861652],[ 1.71552501e-01 -3.23522082e-03  5.88030481e+00],[ 3.32211489e-01 -1.28744809e-03  3.70091345e+00]
0.4344531250441641,0.4372667990870648,13340000,[ 0.42686023  0.00113448 -0.03779096],[ 1.96620295e-01 -2.71297042e-04  4.71020750e+00],[1.36014369e-01 1.41084453e-04 7.70457546e-01]
0.9082892262633493,0.9026921610416251,13340600,[ 6.34522729e-01 -1.36107682e-04  4.84942028e+00],[1.87470473e-01 2.56359082e-04 1.67291912e+00],[ 4.44365973e-01 -1.24612803e-04  3.73010202e+00]
-0.47141179671567723,-1.4796561511516497,13341050,[ 2.34555971e-02 -2.26391020e-05  3.44519585e+00],[-1.30883951e-02 -3.29820328e-05  3.96051242e+00],[1.88071648e-02 2.53161203e-06 3.41409323e+00]
0.2526286272064121,-0.3544153736420683,13342500,[ 2.15346348e-02 -1.71496468e-05  1.28875855e+01],[ 2.53981151e-01 -1.63841781e-04  1.18438393e+01],[ 1.08879499e-01 -6.45161070e-05  1.29239226e+01]
0.882454568444754,0.8584888605699996,03373980,[7.38094340e-01 1.14378645e-03 6.33467114e+00],[ 3.81644846e-01 -1.52787746e-02  2.70597788e+01],[ 7.27965328e-01  1.87262748e-02 -2.24936538e+01]
0.8655734932178567,0.7902118813772672,05465500,[7.49059325e-01 3.74376689e-05 6.17183884e+00],[3.40559919e-01 3.61913287e-05 4.18008656e+00],[ 7.25737513e-01 -5.12635351e-05  6.04409312e+00]
0.6716960842818929,0.3812351850814094,07144780,[7.52557254e-01 1.60181086e-04 6.43041509e+00],[ 5.02545571e-01 -1.50945709e-03  3.64794089e+00],[7.79796111e-01 2.09809130e-04 5.84088958e+00]
0.9195307868136425,0.8942598783368934,01095220,[ 6.65248213e-01 -1.24778462e-03  5.89807290e+00],[ 0.34830931 -0.00350382  2.95360663],[ 0.74370523 -0.00762722  4.60629307]
0.8903342732969688,0.8924079539712586,01095375,[8.00517237e-01 3.59139765e-03 4.42088053e+00],[ 3.58311013e-01 -9.32707929e-04  2.91809489e+00],[ 0.78419061 -0.00699901  4.58574586]
0.9157958772356289,0.8624767762200366,01104430,[4.28511825e-01 1.09179837e-02 1.20215538e+01],[ 0.29235319 -0.01075731  4.80296946],[ 0.63230232 -0.02172996  4.89563886]
0.9002890349919848,0.8896090841056717,01104460,[ 6.31968145e-01 -1.41286236e-03  7.26478630e+00],[ 0.40547868 -0.00655094  3.29195294],[ 0.7228304  -0.00736665  4.38446991]
0.8548994215725589,0.852071373155211,01104475,[0.46684579 0.72034707 7.09537147],[ 0.40778857 -0.08745797  4.47548674],[ 0.57606839 -0.19752012  5.58926577]
0.8990490744080958,0.9067379240538542,04043238,[0.50813024 0.10950966 3.73227569],[0.20314577 0.17313157 1.37239689],[ 0.50735002 -0.2014779   5.02277853]
0.8754278348359171,0.8888881436116256,04043244,[0.48061301 0.0297598  3.93513376],[0.21184774 0.06822538 1.43172155],[ 0.50197413 -0.07406665  5.36829635]
0.8991488526450724,0.8926236977186199,04121944,[ 6.46789237e-01 -7.48616132e-04  5.65638188e+00],[ 3.51503061e-01 -6.64851996e-04  3.17569580e+00],[ 6.69952768e-01 -1.70043468e-03  5.56128187e+00]
0.8995551810382953,0.8736285730558101,04121970,[ 4.46567541e-01 -1.26281915e-03  1.36783842e+01],[ 3.88456001e-01 -8.27759498e-04  6.11411447e+00],[ 6.26450128e-01 -7.32271294e-04  5.95274366e+00]
0.8874992626528783,0.8790091963843226,04124000,[ 6.19779445e-01 -2.30683789e-04  5.30886799e+00],[ 3.22304727e-01 -3.13194290e-05  3.10453438e+00],[ 5.94983865e-01 -1.58365617e-03  7.39354150e+00]
0.8868251343230118,0.8581286917089688,04124200,[ 4.75695175e-01 -3.30224480e-03  1.33348164e+01],[ 3.21218120e-01 -1.12753215e-03  4.96842734e+00],[ 5.97722255e-01 -1.73824404e-03  7.09007777e+00]
0.883198863323028,0.8720552443310737,04125460,[0.44923558 0.00610137 4.22149924],[ 3.29118125e-01 -5.20278274e-04  4.26276927e+00],[ 5.00484840e-01 -1.34480204e-03  5.61540067e+00]
0.8696972390643077,0.8562738550120383,04125550,[ 5.08769344e-01 -2.40743729e-03  1.31149175e+01],[ 3.54531368e-01 -3.05674302e-04  4.16115538e+00],[ 6.24958958e-01 -1.23438682e-03  6.88044809e+00]
0.9087377889070016,0.894526394334504,04136000,[ 6.37342658e-01 -5.41305332e-04  5.30013399e+00],[2.94567953e-01 5.02388995e-04 2.80547806e+00],[ 6.12755835e-01 -1.66083844e-03  6.85412784e+00]
0.9096665592485935,0.8744038220555326,04136500,[ 6.28969235e-01 -2.68474882e-03  8.88077025e+00],[ 2.40318783e-01 -6.52749850e-05  2.90229559e+00],[ 6.46425363e-01 -1.78985151e-03  7.20683018e+00]
0.9092470640027944,0.8909514230673709,04136900,[ 6.74065600e-01 -5.61298513e-04  6.25885695e+00],[2.78190827e-01 7.15749031e-04 2.18120701e+00],[ 6.48089560e-01 -1.35190358e-03  7.03088636e+00]
0.8934309558985837,0.8714734440756098,04137005,[ 6.07164046e-01 -3.39595700e-03  1.17776693e+01],[ 2.45789436e-01 -2.05288540e-04  3.25236627e+00],[ 6.61996512e-01 -1.65295110e-03  7.33465146e+00]
0.8954778295186973,0.8735082369317246,04137500,[ 6.11234766e-01 -8.95441905e-04  1.13629105e+01],[ 3.62184906e-01 -8.38922225e-04  4.72164335e+00],[ 7.35740018e-01 -1.84387611e-03  6.69473748e+00]
0.8938746631549426,0.8783627238386674,06894000,[ 7.09388167e-01 -1.94529535e-04  7.57181009e+00],[3.76013248e-01 1.91632695e-03 3.30330718e+00],[ 7.45409582e-01 -3.71108870e-04  4.96008649e+00]
0.8240507583330844,0.833216974429819,07061270,[ 6.78439984e-01 -3.88180014e-04  8.36872556e+00],[ 4.11351430e-01 -2.66286510e-04  5.56027982e+00],[ 6.98482486e-01 -1.08551563e-03  5.18558638e+00]
0.5773611363254619,0.7354443596173369,06041000,[ 5.20055549e-01 -5.88090498e-04  5.70779729e+00],[ 9.00122677e-03 -3.07779845e-03  8.60110769e+00],[3.12457382e-01 5.79290604e-04 5.15867565e+00]
0.9398487163418108,0.9017064832077362,06054500,[ 7.50290858e-01 -5.98781736e-04  6.31818105e+00],[ 1.57217793e-01 -2.60982442e-05  1.50407540e+00],[6.71560865e-01 1.53574006e-04 3.16825173e+00]
0.8989818670838466,0.8477132134370893,06066500,[ 3.06600428e-01 -1.20143598e-04  1.14243739e+01],[ 1.14407976e-01 -4.08415234e-04  5.05559593e+00],[5.27884007e-01 4.93568934e-05 2.38513671e+00]
0.8792496636556683,0.8841637546674689,12323770,[ 0.55156399 -0.01118253  4.94690727],[0.19064047 0.00841839 1.97903147],[ 4.86107245e-01 -3.93319634e-03  4.73570042e+00]
0.6748728902502632,0.3259127314031989,06465500,[0.64034573 0.00371562 0.0203727 ],[ 1.76081175e-01 -7.12679803e-04  3.49048901e+00],[7.19882529e-01 5.85803947e-05 4.75301405e+00]
-3.320040748231654,-31.959318726878898,10301500,[ 0.41079554 -0.09377218  8.84367269],[0.17845751 0.02562871 4.19402893],[ 0.5526579  -0.08744051  8.58753285]
0.7812501302731759,0.8319205721671248,10348200,[ 0.69450328 -0.00749481  5.58557336],[ 3.55429726e-01 -4.03379089e-05  2.51088931e+00],[ 6.62833574e-01 -9.81982767e-04  3.78422354e+00]
0.24033730473793635,-0.7316332147404163,10351700,[ 0.4627979  -0.01684157 11.18916661],[0.16559367 0.00897899 6.31441244],[ 4.75993205e-01 -3.62677276e-03  1.01581046e+01]
0.9127241045014856,0.8716869321405756,01388000,[ 7.34463198e-01 -4.27252749e-04  7.94467006e+00],[ 3.75806770e-01 -2.73270257e-04  3.81624866e+00],[ 7.62557304e-01 -1.25061717e-03  5.38154071e+00]
0.9017892971652575,0.8772332811332756,01463500,[ 7.54914435e-01 -5.02460840e-05  6.44940364e+00],[3.93791553e-01 1.38122788e-06 2.69561194e+00],[ 7.61766233e-01 -8.80957688e-05  4.75103872e+00]
0.8470780099079777,0.7890709580477615,01466500,[0.2884442  1.16994568 7.98785428],[ 0.24171902 -1.67155142  8.83770351],[ 0.46946297 -0.02814551  4.36500263]
0.8410815295971709,0.8180551342348622,08317400,[ 4.20994700e-01 -4.43825079e-04  1.17217452e+01],[ 3.47143369e-01 -2.00054506e-03  5.81118072e+00],[5.39857014e-01 2.48006574e-04 3.94214096e+00]
0.8668719518616642,0.8686252173298386,01362500,[ 5.38647352e-01 -1.36053638e-04  8.11697354e+00],[3.75103846e-01 2.06737401e-04 3.42631709e+00],[ 5.93045230e-01 -5.77070449e-04  4.30300181e+00]
0.908286366183323,0.8438637894570464,01417500,[4.46925006e-01 7.66444950e-05 6.81805803e+00],[2.90944234e-01 2.48548635e-04 3.99016183e+00],[ 5.64877386e-01 -6.38235074e-04  5.01139692e+00]
0.32739282187536445,0.41716375204700984,01420500,[ 1.65898804e-01 -8.68936290e-05  1.08399219e+01],[ 1.30629971e-01 -1.19929043e-03  1.02618488e+01],[ 1.73476493e-01 -6.68461472e-04  1.04156476e+01]
0.9015344620110779,0.8745500549193159,01421000,[ 6.58728584e-01 -1.68645430e-04  6.21101152e+00],[3.06310411e-01 1.23734786e-04 3.24272490e+00],[ 6.66889327e-01 -4.26450975e-04  5.03983054e+00]
0.7642712980527169,0.5916657198313079,01425000,[-1.90203409e-01  1.44563394e-03  1.27619319e+01],[ 2.76316801e-01 -6.81853841e-04  6.20331644e+00],[3.10699278e-01 1.39527462e-05 3.68832889e+00]
0.878691626572662,0.7745141891388088,01426500,[6.60510932e-02 3.92607471e-04 1.10591632e+01],[3.13807740e-01 1.17896566e-05 4.65871778e+00],[ 4.23172423e-01 -6.09443397e-04  5.16303353e+00]
0.9187632849712357,0.8867354869472952,01428500,[ 7.75567650e-01 -1.47203476e-04  6.76132737e+00],[3.25386684e-01 3.63369149e-06 2.93500126e+00],[ 7.74716992e-01 -2.63482467e-04  5.46980439e+00]
0.9107816828031039,0.8876068742734207,01436690,[5.43334774e-01 3.59332100e-04 6.85714840e+00],[3.56530947e-01 5.22626128e-05 3.22440364e+00],[ 6.64447978e-01 -1.20247797e-03  4.27828795e+00]
0.9157220649021367,0.8713468063983292,02077200,[ 6.95779908e-01 -1.22945363e-03  5.82369150e+00],[3.23782223e-01 1.07705901e-05 5.88420903e+00],[ 6.85929427e-01 -2.09896987e-03  5.68746860e+00]
0.8884190962551182,0.880241172442498,05058000,[6.40958905e-01 5.20077562e-04 8.26452565e+00],[1.13443434e-01 8.61823556e-04 3.09052557e+00],[ 5.73520196e-01 -9.01040172e-04  6.02036989e+00]
0.8116919796151194,0.706373330079223,04208000,[ 6.96166518e-01 -1.27484041e-04  7.01164597e+00],[ 3.69112473e-01 -1.22405177e-04  4.24404286e+00],[ 7.02482818e-01 -4.49359017e-04  6.08287229e+00]
0.8028155488059405,0.7823416672790356,07177500,[ 5.38561165e-01 -1.93226218e-04  1.08937605e+01],[4.67810243e-01 3.74946415e-04 4.19259189e+00],[ 6.62381981e-01 -1.52658505e-04  5.74645254e+00]
0.7145354005219433,0.3880283638677525,07178200,[ 5.84103575e-01 -8.37842573e-05  1.02988199e+01],[ 4.13308185e-01 -1.55846338e-04  6.41896053e+00],[ 6.51697394e-01 -1.75730564e-04  6.65901146e+00]
0.8757648703082512,0.8473970603493659,07239450,[6.58055472e-01 6.23098533e-04 7.92350095e+00],[5.27176791e-01 8.35185734e-04 3.84154474e+00],[6.99058752e-01 1.37858844e-04 6.92340032e+00]
0.8712001312641785,0.8304000526758809,07239700,[ 6.45565537e-01 -1.89894310e-04  8.43125052e+00],[ 5.21889730e-01 -8.93994834e-04  4.74331900e+00],[ 6.99048802e-01 -1.18869005e-05  6.85838189e+00]
0.8887679682620719,0.8618734252265389,11501000,[ 8.11761150e-01 -1.98356956e-03  6.38904125e+00],[ 3.99119803e-01 -6.78380864e-04  2.98768620e+00],[ 7.89236633e-01 -3.48924443e-04  6.72268200e+00]
0.8990737736840289,0.8706674537806556,11507500,[6.98571953e-01 2.40400635e-03 5.11612461e+00],[3.18831692e-01 5.06511265e-04 3.10054919e+00],[7.58482240e-01 1.70534054e-04 5.09726901e+00]
0.8833315714433478,0.8537223013574161,11509500,[ 6.61609139e-01 -1.47034552e-03  9.76195845e+00],[3.39013364e-01 9.17016670e-04 2.49531254e+00],[ 7.07012840e-01 -3.48870652e-04  6.80488856e+00]
0.9190561798630678,0.9023824958490838,13331500,[ 0.73900176 -0.00541497  4.29409921],[0.27013011 0.0022357  1.40143594],[ 4.71246517e-01 -9.62154189e-04  3.74083553e+00]
0.6302795841797445,0.5334202030466738,14046890,[0.26873629 0.14302407 8.83301621],[ 0.26636032 -0.0814206   7.35989608],[ 0.39480605 -0.02076018  7.65461373]
0.8751334110178037,0.876102618231735,14076500,[ 2.77162677e-01 -2.70030036e-03  1.03349278e+01],[ 2.38167319e-01 -1.56834851e-03  7.25057078e+00],[ 2.78664917e-01 -2.86056874e-03  1.08917351e+01]
0.9075552087209181,0.8368333166976953,14087400,[ 7.98748821e-02 -8.85791745e-05  1.19678573e+01],[ 7.37083575e-02 -1.96321625e-03  1.39530300e+01],[ 1.25845203e-01 -8.51139600e-04  1.24916285e+01]
0.890680303712226,0.8000192824445037,14091500,[1.42843116e-01 2.14909875e-03 2.90172363e+00],[ 1.50719439e-01 -1.16083865e-04  5.26318268e+00],[ 1.96890329e-01 -1.14880266e-04  5.92426955e+00]
0.8438231213991099,0.6983984902570928,14092500,[ 7.94118680e-02 -9.64404492e-04  1.59589403e+01],[ 1.41356059e-01 -5.86216109e-04  1.03897436e+01],[ 2.66480417e-01 -1.27509642e-04  7.60896966e+00]
0.9119107246080704,0.8797813045226646,14103000,[4.18138490e-01 8.29119478e-05 8.21612720e+00],[ 3.50198583e-01 -2.00795356e-04  7.17556179e+00],[ 5.07267542e-01 -4.90204045e-04  9.47579759e+00]
0.8482478423417154,0.7721904588014873,14138850,[ 3.92423019e-01 -3.34454855e-04  5.40267861e+00],[3.35001952e-01 2.93913990e-04 2.82056763e+00],[ 4.00248531e-01 -1.21451771e-03  3.33992188e+00]
0.8217821178325115,0.7468470926330214,14138870,[ 3.30544276e-01 -4.96053164e-03  5.56641476e+00],[2.78472626e-01 1.92477168e-03 3.44536189e+00],[ 0.29783361 -0.01063234  3.59108114]
0.8601799720071366,0.7600807480159768,14138900,[2.64628348e-01 2.71985528e-03 5.78085880e+00],[3.20215024e-01 3.15320086e-04 3.13398403e+00],[ 0.40949444 -0.00617042  3.14549367]
0.8423763627589814,0.7544004574315238,14139800,[ 3.88982811e-01 -1.01186808e-03  5.27693713e+00],[3.12863248e-01 8.17419452e-04 3.09152677e+00],[ 0.37741528 -0.00455114  3.55998673]
0.6583660119001279,0.5506917514373018,14145500,[-2.33643511e-01  1.77642037e-03  1.42092351e+01],[2.02720190e-01 2.53412169e-04 5.91432378e+00],[1.16705593e-01 3.84637555e-04 5.42957865e+00]
0.8836041292417822,0.8040352583305848,14148000,[ 1.33325984e-01 -2.11964728e-04  1.19894026e+01],[2.40962050e-01 1.34989887e-05 5.22019841e+00],[ 3.61211139e-01 -1.25911120e-04  5.16659477e+00]
0.7703049207851507,0.6840577550053011,14150000,[ 1.97780409e-02 -2.90363650e-04  1.54335213e+01],[ 3.09585549e-01 -1.76692549e-07  5.81471033e+00],[ 3.40543022e-01 -1.00097186e-04  6.04486922e+00]
0.8864446335644559,0.7896658605527722,14150800,[ 0.62963664 -0.00529353  4.26102698],[3.50537391e-01 2.45292838e-03 3.53717558e+00],[ 5.35870732e-01 -2.44673407e-03  3.85131286e+00]
0.7204408731737315,0.5171416060952373,14151000,[-9.43496508e-02 -3.55840282e-03  1.68096224e+01],[3.72439131e-01 3.96248561e-04 4.71949267e+00],[ 3.54535530e-01 -8.36526293e-04  5.46127889e+00]
0.8648164201486026,0.778732082751823,14152000,[ 1.31955385e-01 -4.55744086e-04  1.43591801e+01],[3.64021852e-01 2.16437123e-05 5.40306016e+00],[ 4.13684891e-01 -1.04065520e-04  5.79323110e+00]
0.6821796446865658,0.44261934632327893,14152500,[0.49734526 0.02434619 4.10774078],[2.55096161e-01 2.24208164e-03 4.75730892e+00],[5.71106249e-01 1.32967483e-03 3.39533468e+00]
0.8134034847803797,0.6731964719500019,14153500,[1.92323734e-01 1.03093250e-02 1.13991108e+01],[3.70663978e-01 3.24623256e-04 5.39327651e+00],[ 2.92885804e-01 -5.64555239e-04  7.01987479e+00]
0.8185538728872502,0.6869541546281488,14155500,[4.36264852e-02 2.47076037e-03 1.34633232e+01],[3.50635696e-01 1.32319664e-04 4.99965352e+00],[ 3.04601090e-01 -2.39809615e-04  6.27124195e+00]
0.8703801213412761,0.7409261678537118,14159200,[2.53905119e-01 1.92723067e-03 5.14860839e+00],[2.03853195e-01 2.08317346e-04 3.82010452e+00],[ 2.92186921e-01 -8.29540127e-04  4.71828550e+00]
0.8103703986654083,0.6361335057923676,14159500,[ 2.96206461e-01 -1.10671583e-03  7.87801205e+00],[1.15486712e-01 4.15352556e-04 4.22617715e+00],[ 2.95350165e-01 -4.41780461e-04  4.94172077e+00]
0.9156402260548034,0.8400906236773519,14161500,[ 0.45830798 -0.00774333  6.70513194],[2.55315810e-01 1.48175627e-03 4.39198404e+00],[ 0.3916587  -0.00819395  5.42574295]
0.8911243451620949,0.7912812818078792,14162500,[ 2.18450251e-01 -2.46543175e-04  8.52500829e+00],[2.08049501e-01 4.97312813e-05 4.45091117e+00],[ 3.06220602e-01 -1.63330269e-04  5.71588617e+00]
0.891351116114568,0.8258847736090118,14166000,[ 3.68821190e-01 -3.72020311e-04  1.20475247e+01],[4.04787518e-01 3.04407923e-06 5.02506579e+00],[ 4.96050592e-01 -6.75409784e-05  5.86949079e+00]
0.8654400397032423,0.8194754641511464,14169000,[ 3.70768465e-01 -3.43053792e-03  1.40415630e+01],[5.31993181e-01 2.06639555e-04 4.02577045e+00],[ 6.33423887e-01 -1.24170247e-03  7.15664286e+00]
0.9035848355934091,0.8444017789805525,14174000,[ 4.41832562e-01 -3.72154285e-04  1.19884456e+01],[4.24234595e-01 3.25829363e-10 5.06087230e+00],[ 5.42064347e-01 -7.45760917e-05  6.58862547e+00]
0.8776564528026063,0.8150405934495459,14178000,[ 3.42135017e-01 -3.49606402e-05  5.55249173e+00],[2.22117067e-01 1.38014269e-04 3.29745767e+00],[ 3.44614417e-01 -6.60114858e-04  4.50565872e+00]
0.849405866424915,0.7733022299963404,14179000,[ 2.86215575e-01 -6.79368307e-04  6.16531361e+00],[2.21085085e-01 3.30540314e-04 3.49558878e+00],[ 2.87672557e-01 -6.65835035e-04  4.46110460e+00]
0.8801430246968391,0.8177037215273137,14180300,[ 0.45017605 -0.00784666  6.01956351],[2.47591077e-01 1.13400243e-03 3.21629756e+00],[ 3.57745159e-01 -2.99481096e-03  4.02266040e+00]
0.7501983003387325,0.5468322484359827,14181500,[ 9.23643803e-02 -4.81052648e-04  1.09668870e+01],[1.81981082e-01 1.95933692e-04 4.92639232e+00],[ 2.94847869e-01 -2.91556741e-05  4.38558648e+00]
0.8982655598683682,0.8501562054182876,14182500,[ 7.03489983e-01 -2.91774166e-03  5.61977280e+00],[3.26204444e-01 1.83085257e-04 3.95489311e+00],[ 4.65239300e-01 -1.21125188e-03  4.57943236e+00]
0.8224507288339555,0.5738332799573972,14187200,[ 4.40176699e-02 -3.60833964e-04  1.13948392e+01],[2.55640452e-01 1.68177860e-05 5.76279826e+00],[ 2.77647526e-01 -9.02951539e-05  5.76128506e+00]
-0.1274620971751308,-2.448174219513199,14187500,[0.22264409 0.00555931 1.60288796],[ 1.79381534e-01 -2.17584231e-04  7.57476825e+00],[4.44590345e-01 5.46116191e-04 4.48559464e+00]
0.862697202137807,0.7548496032074526,14197900,[ 5.29294503e-01 -2.51900963e-04  1.12931100e+01],[3.99061436e-01 4.92316999e-07 5.01095748e+00],[ 5.71380245e-01 -2.62493492e-05  5.88902520e+00]
0.8841026460567474,0.8337611693001181,14206950,[6.97659209e-01 3.28278942e-03 5.01107906e+00],[5.49422233e-01 1.28170457e-03 3.83537082e+00],[ 7.00135621e-01 -4.03165916e-03  4.81647261e+00]
0.8980460937258403,0.8502539412981025,14211010,[ 6.25394635e-01 -3.21177372e-04  5.03966875e+00],[3.75258920e-01 2.15605061e-05 3.41473482e+00],[ 4.85712725e-01 -2.54259627e-04  4.54881244e+00]
0.9100676866083924,0.8475461608187784,14211400,[0.70743649 0.0157976  4.13382829],[0.49772127 0.00466015 3.93911589],[ 0.64144211 -0.00796634  4.61541908]
0.8374763247561984,0.7533646265592361,14211499,[0.52712387 0.09158409 6.09290238],[0.52363134 0.00942369 3.8402597 ],[ 0.59287543 -0.02329635  4.69702285]
0.8962920264393535,0.8468558740532739,14211500,[ 0.71320451 -0.00608099  4.61009258],[5.40116322e-01 2.51886171e-03 3.61414482e+00],[ 0.69519341 -0.00710357  4.44900385]
0.8655967304865174,0.8627565361461268,14211550,[ 6.09009962e-01 -2.22290806e-03  6.25800519e+00],[ 5.27410738e-01 -2.64263691e-04  4.54838487e+00],[ 0.67002314 -0.0075619   5.48368583]
0.8994694281300065,0.8244418339811445,14316500,[3.20440343e-01 8.59552743e-05 5.69925192e+00],[1.62953289e-01 2.51656645e-04 3.41582397e+00],[ 3.45958945e-01 -5.22229163e-04  5.09129417e+00]
0.8830707270722232,0.7991808826370946,14318000,[ 6.68191035e-01 -1.68310347e-03  4.86912520e+00],[2.75439612e-01 6.31400282e-04 3.98117725e+00],[ 5.27933072e-01 -9.63001687e-04  4.35337473e+00]
0.9090835353654498,0.8497199949274644,14319500,[ 7.54472006e-01 -4.54565034e-04  4.31180319e+00],[3.65889223e-01 7.68977398e-05 3.95206696e+00],[ 5.95555941e-01 -4.68547826e-04  6.43218361e+00]
0.8476523535531011,0.747325731525388,14330000,[3.81020578e-01 1.68571083e-03 2.01909220e+00],[2.12123479e-01 3.51241865e-04 1.99281893e+00],[ 4.02783182e-01 -8.55445184e-04  4.28656046e+00]
0.8681423147464435,0.7492345856400384,14337600,[2.50778687e-01 1.06276344e-03 4.26672139e+00],[5.34686003e-02 9.50182129e-05 5.22650966e+00],[ 2.93896368e-01 -1.70190503e-04  5.88103780e+00]
0.8781395266730978,0.8281414868422083,14338000,[ 0.78210481 -0.00659755  4.98429885],[3.69146380e-01 1.43921887e-03 3.35679375e+00],[ 6.12327377e-01 -3.52848474e-03  5.19618676e+00]
0.8859798657449207,0.7855217386920628,14339000,[3.44670135e-01 8.38183866e-04 4.10487970e+00],[1.53948649e-01 1.39400647e-04 4.60596006e+00],[ 3.83272119e-01 -2.61351553e-04  5.73358956e+00]
0.8179057118847606,0.6234339675201279,14362000,[ 1.39289178e-01 -3.08019931e-04  1.05528211e+01],[ 1.36317796e-01 -8.61317701e-06  5.50153322e+00],[ 3.25822250e-01 -1.17095559e-03  6.29128017e+00]
0.8855295227147143,0.7919419211081254,14366000,[ 3.54744802e-01 -1.35904717e-03  8.96216135e+00],[2.17857686e-01 6.52173739e-04 4.47878871e+00],[ 4.78433909e-01 -1.29715327e-03  6.09204116e+00]
0.890845879511148,0.8330440210050872,14369500,[ 5.08422616e-01 -6.04867603e-03  9.85448477e+00],[2.64174277e-01 2.87029981e-04 5.20964076e+00],[ 5.21050260e-01 -1.45379385e-03  6.86392247e+00]
0.8898206610042046,0.8037634900705823,14372300,[6.47238359e-01 3.73507503e-04 5.07952891e+00],[2.87217933e-01 6.31625337e-05 4.82691721e+00],[ 5.89826219e-01 -1.91636027e-04  6.58753581e+00]
0.9165569272252637,0.8840665145598644,01427510,[ 7.11150957e-01 -1.17069546e-04  6.76587598e+00],[3.23079075e-01 1.78287724e-06 2.94195912e+00],[ 7.43299207e-01 -2.84929951e-04  5.38431418e+00]
0.9047489042880521,0.8579572237126204,01429000,[ 5.10436947e-01 -1.38048459e-03  1.07829807e+01],[ 1.80082966e-01 -3.65501235e-03  4.63681097e+00],[ 6.47325632e-01 -3.01890479e-03  4.80988417e+00]
0.8729769533982341,0.8385351710649293,01447800,[5.37685581e-01 2.88470692e-04 8.86979552e+00],[2.13297346e-01 2.50494540e-04 2.92462910e+00],[5.76769122e-01 4.90498496e-05 4.23658178e+00]
0.8997383391775906,0.8625731488375502,01449360,[ 4.50991218e-01 -1.69199332e-03  8.01398991e+00],[0.32164273 0.0039808  3.88858238],[ 5.13402147e-01 -1.52564751e-03  5.42659617e+00]
0.8543574004233814,0.750723946542501,01480400,[ 0.37518208  0.0558383  10.53169161],[ 0.34787449 -0.01195563  4.46508656],[5.85386845e-01 1.46489739e-03 5.26309785e+00]
0.8924243186216627,0.8854884624830778,01480500,[6.57838012e-01 1.23646437e-03 6.18685585e+00],[4.67226757e-01 1.00492577e-03 3.59839306e+00],[ 6.60799707e-01 -1.92466611e-03  5.48637596e+00]
0.9440441412171421,0.9093311249671541,01480617,[ 6.40996882e-01 -6.95681313e-05  7.10900273e+00],[ 3.06277908e-01 -1.45412733e-04  5.46694035e+00],[ 6.49633380e-01 -2.25289593e-03  5.73142921e+00]
0.9257004846594005,0.8885211116387232,01480870,[6.45328341e-01 1.07596959e-04 6.83768661e+00],[ 3.06211611e-01 -1.99027579e-03  6.01455356e+00],[ 6.45292362e-01 -1.90074337e-03  5.83866627e+00]
0.937061168058309,0.8969434929842651,01481000,[ 7.17140584e-01 -5.74991719e-05  5.51996886e+00],[ 3.08211353e-01 -1.45052693e-04  4.91957889e+00],[ 6.97760615e-01 -6.16827784e-04  5.06611467e+00]
0.8566479999138898,0.7661608024489444,03081000,[-2.99870130e-02 -4.30635806e-04  1.78265671e+01],[ 3.41055157e-01 -4.43456227e-04  6.55202314e+00],[ 3.50975071e-01 -9.03491714e-05  3.73375987e+00]
0.8024006759155445,0.6682147793333173,02110704,[ 6.8798595e-01 -4.8256413e-04  9.5078509e+00],[ 2.48751525e-01 -9.59057850e-04  9.85623794e+00],[ 6.27978062e-01 -1.98000156e-03  1.06408857e+01]
0.8376790986838089,0.8358115419286756,02148315,[6.86825229e-01 1.30579749e-04 9.88088925e+00],[ 3.46218438e-01 -1.83591242e-04  8.40858162e+00],[ 8.07899683e-01 -4.32841789e-04  6.36646108e+00]
0.8767237515819286,0.8375006480989833,02156500,[ 7.48841286e-01 -6.97474883e-05  8.51323860e+00],[ 3.40079957e-01 -4.17192451e-05  6.58974537e+00],[ 8.05373759e-01 -2.37502770e-05  4.87068117e+00]
0.8270828554342617,0.8219908229845432,02160105,[ 7.89676295e-01 -2.87865754e-04  5.55388092e+00],[4.28000126e-01 1.19197801e-04 5.00221465e+00],[ 7.33424520e-01 -6.12188766e-04  5.95549077e+00]
0.8500176032590344,0.8257846875085785,02160700,[ 7.65563456e-01 -3.12255592e-04  5.76338909e+00],[4.03495061e-01 2.87081919e-04 5.34736131e+00],[ 7.10824614e-01 -1.06385847e-03  6.50934884e+00]
0.8794350190981262,0.8420021566231349,02163001,[ 6.99331189e-01 -1.06937997e-03  8.20264282e+00],[3.08592303e-01 5.15779230e-05 6.43573318e+00],[ 6.89422339e-01 -1.33165278e-03  7.00457205e+00]
0.4961242467653727,0.264593843290471,02168504,[-9.73723456e-02  1.93275157e-05  1.79482219e+01],[1.80709507e-01 6.37044578e-06 1.14385345e+01],[ 1.66471971e-01 -1.81089296e-04  9.10218924e+00]
0.7464737910616797,0.4379472093235255,02169000,[ 1.41347935e-01 -3.28874550e-04  1.52491932e+01],[2.71961143e-01 7.96383343e-05 9.93698393e+00],[ 2.72356131e-01 -4.45163539e-04  9.54067209e+00]
0.9015544710999335,0.8685350291357361,03597860,[ 5.24720132e-01 -4.65631101e-03  1.27922954e+01],[3.39842697e-01 3.31405925e-03 5.85980982e+00],[ 0.65495365 -0.00926017  9.14075681]
0.8403913615749131,0.7978735569704443,07227500,[5.54587504e-01 6.03545260e-04 8.74711457e+00],[ 0.41454803 -0.01496384  4.69531795],[6.43653634e-01 2.23905069e-03 6.45464491e+00]
0.7902010229946719,0.8054640269709301,07312500,[7.54290840e-01 3.24038295e-04 6.66297407e+00],[ 5.54999160e-01 -1.21028157e-03  4.96314666e+00],[ 7.01642374e-01 -1.32238023e-03  7.57603071e+00]
0.8792686622128159,0.8250324180184736,08049500,[ 5.75898968e-01 -2.46786250e-04  1.24588619e+01],[ 3.95687553e-01 -7.59777483e-04  1.11394865e+01],[ 5.95431013e-01 -4.66253566e-04  1.00882262e+01]
0.8776322620242193,0.810459363026113,08062500,[ 6.16125789e-01 -1.37874684e-04  1.18034213e+01],[ 3.59505796e-01 -1.35408906e-04  1.05451959e+01],[ 6.07554861e-01 -2.23419327e-04  1.02554258e+01]
0.8686640630119883,0.7590119176571178,08065350,[ 6.77680805e-01 -8.05606239e-05  1.05423700e+01],[ 3.37546552e-01 -1.96193138e-05  9.08684480e+00],[ 6.55107159e-01 -1.68834637e-04  9.48638458e+00]
0.8173803531383168,0.777017448423716,08068500,[ 7.25181106e-01 -2.04746197e-04  8.45943626e+00],[ 4.52780105e-01 -6.68704054e-05  9.15647033e+00],[ 7.33087889e-01 -7.12174019e-04  7.82796596e+00]
0.8263484134132872,0.7764576359560404,08070200,[ 7.22884126e-01 -8.80322859e-05  7.16736987e+00],[3.66979202e-01 6.89578504e-05 8.90743087e+00],[ 6.89108124e-01 -1.84166510e-03  7.51755343e+00]
0.7018269989128266,0.294279242498815,08123850,[ 5.89653948e-01 -1.74912574e-04  1.00359162e+01],[0.5073951  0.01345084 6.01986298],[ 6.18668404e-01 -8.54312869e-05  8.41375575e+00]
0.8350657079581976,0.8313299963238957,08181500,[ 5.42533824e-01 -1.56256195e-03  1.36437898e+01],[ 3.14330409e-01 -4.88914400e-03  1.48610250e+01],[ 5.27872471e-01 -4.61489127e-04  1.25498426e+01]
0.8137724665912962,0.8140824368802262,08181800,[ 5.47099359e-01 -5.72751150e-04  1.42259738e+01],[ 3.27083924e-01 -1.41698010e-03  1.53302319e+01],[ 5.45248174e-01 -2.96485576e-04  1.28042509e+01]
0.9376893625290564,0.9373377561323715,09302000,[ 7.76386911e-01 -7.61715741e-04  4.88614244e+00],[ 2.41132615e-01 -2.52096515e-04  2.50193170e+00],[ 7.99721078e-01 -9.17857313e-04  4.41056952e+00]
0.8437951493992811,0.8748630412615395,09406000,[0.72853516 0.00408848 2.26048517],[ 4.15408829e-01 -1.43505286e-04  3.83506439e+00],[ 6.29900280e-01 -4.31938253e-03  4.62536476e+00]
0.9124921421455384,0.8561645651767116,10129900,[ 0.53729324 -0.00878999  7.16964984],[ 0.12793051 -0.59630552  8.31209815],[ 6.14236009e-01 -5.19138715e-03  5.49466822e+00]
0.9297447614329435,0.9011056226211639,10133800,[ 0.63621751 -0.02881084  6.33777997],[ 0.17295053 -0.06043402  4.60168346],[ 5.65152343e-01 -1.87172148e-03  5.32331696e+00]
0.8758224028258266,0.8598909301280957,02011400,[ 7.87124527e-01 -4.71047609e-03  5.82683525e+00],[3.64857155e-01 2.03998163e-03 3.58404561e+00],[ 6.83026156e-01 -2.38804276e-03  5.82588465e+00]
0.8770903803534847,0.847484748074345,02011500,[7.61099359e-01 1.47457155e-03 6.43343154e+00],[3.44042785e-01 1.18120772e-03 4.99032560e+00],[ 7.03462684e-01 -1.86071007e-03  5.03707783e+00]
0.7947163014907529,0.5766045827281154,02011800,[-1.39565401e-02 -8.78304383e-04  1.55659439e+01],[ 2.74861071e-01 -8.59080329e-04  7.44141289e+00],[ 3.94794661e-01 -7.20158878e-04  5.35877693e+00]
0.8898481648780469,0.8614421804724703,02035000,[ 7.99496918e-01 -1.91712384e-04  8.02252402e+00],[3.98817176e-01 2.31468433e-06 4.85180232e+00],[ 7.52081238e-01 -1.51255202e-04  7.24373720e+00]
0.8165597307633897,0.8230474921741661,12116500,[ 2.69682908e-01 -6.10753493e-03  1.11648756e+01],[ 2.87591324e-01 -1.21779614e-04  3.64292616e+00],[ 5.29630930e-01 -7.33744567e-04  3.43960455e+00]
0.9043573159808038,0.8195769005172749,12117600,[2.16176153e-01 8.50414811e-05 8.43914686e+00],[ 2.58226088e-01 -7.20362832e-04  5.90910051e+00],[ 3.93770768e-01 -1.05069428e-03  5.73120057e+00]
0.9173161518463337,0.867914065227124,12119000,[ 4.23957554e-01 -2.18645126e-03  7.47052847e+00],[ 3.45164674e-01 -4.53862939e-04  5.30953750e+00],[ 4.48720730e-01 -1.06066177e-03  5.78204516e+00]
0.9186336438901981,0.851818328780869,12147500,[ 2.82117771e-01 -3.25528676e-04  6.42474553e+00],[ 2.33882107e-01 -2.88162271e-04  4.78949557e+00],[ 2.94672930e-01 -1.18673817e-03  4.98327101e+00]
0.8082835770004447,0.7626431411871298,12147600,[ 0.41096783 -0.00601173  4.89964734],[2.61423841e-01 2.72992520e-04 2.32315546e+00],[ 3.60051809e-01 -1.62084587e-03  1.71618125e+00]
0.8512657408446772,0.742672923024992,12148000,[ 0.18414516 -0.01404753  9.21070665],[ 2.55968304e-01 -2.20932631e-03  4.44165146e+00],[ 4.01649288e-01 -2.18258066e-03  3.53708313e+00]
0.8858825332273823,0.794706511457726,12148300,[ 0.30174888 -0.00869129  7.72056577],[ 3.19396163e-01 -1.95824283e-03  4.39203784e+00],[ 4.34302992e-01 -2.41886997e-03  3.90604604e+00]
0.8905488932911709,0.8775297085930479,01608500,[ 8.16180524e-01 -6.58815611e-04  7.13054194e+00],[4.34519038e-01 1.77204319e-04 3.58304151e+00],[ 7.59641757e-01 -4.00027210e-04  6.59335028e+00]
0.9238738541731822,0.8759208947660858,05435943,[0.32901856 0.01737586 9.96417109],[ 0.26431502 -0.04835646  9.2348394 ],[ 4.04315115e-01 -4.12434914e-03  8.12663419e+00]
0.8640094687646035,0.8779245704768275,06036905,[ 5.93664545e-01 -9.20206200e-03  1.59525172e+01],[2.90481815e-01 4.84666060e-03 1.04588639e+01],[ 5.07849420e-01 -8.92214319e-03  1.67954599e+01]
0.638888154525189,0.37618585687964556,09217000,[ 7.18453928e-01 -5.52980838e-05  5.56458372e+00],[9.37589595e-02 1.08959939e-03 2.50422492e+00],[6.25634810e-01 1.32322627e-04 5.72492913e+00]
