KGE,NSE,sitenum,summer_params,winter_params,spring_params,fall_params,NSE_pyr,KGE_pyr
0.8524579629029149,0.6866780386913679,2423130,"[0.322092913, -0.00207834557, 14.9955072]","[0.402952203, 0.00233549871, 7.34604098]","[0.537087512, -0.00175462938, 8.37014665]","[0.447039776, -0.00027443652, 8.85338276]","[0.9598371221567534, 0.9517205988290847, 0.8375966815862685]","[0.9686891956590189, 0.9333334984935902, 0.8269470797979251]"
0.8930127850224937,0.8465185739898261,2423496,"[0.555840071, -0.000672989508, 12.3680241]","[0.422876709, 0.000512697603, 6.40363204]","[0.640426233, -0.00065986079, 8.55907336]","[0.545173545, 0.000346882644, 7.20003883]","[0.9575577859742042, 0.9563875071474018, 0.8996605693249026]","[0.9664321925513549, 0.9641772076600355, 0.869588909053989]"
0.8805074117617986,0.8235991587117717,2455980,"[0.416575712, 0.000990800529, 11.8883077]","[0.39111225, 0.000415131858, 8.94339244]","[0.436371885, -0.00072794368, 10.5125618]","[0.460868237, 0.00483646475, 8.353135]","[0.9680138410477224, 0.9705195607803727, 0.9237875585568309]","[0.9466463448902017, 0.9549530193656446, 0.9066601533756213]"
0.8779180102354796,0.8378599409055256,2457595,"[0.572284369, -0.000479939909, 10.7278657]","[0.455650669, 0.000439676849, 7.55633479]","[0.642480651, -0.000873972162, 7.87583922]","[0.546227491, 0.00132598224, 7.04125702]","[0.9643946222692928, 0.9668631131214126, 0.9250704233903062]","[0.951104466606702, 0.965883173625106, 0.9178077268985795]"
0.8247304985633269,0.8328043030425905,2458450,"[0.543413774, -0.000746298847, 11.8705755]","[0.472450655, 2.62144176e-05, 8.14778079]","[0.636852642, -0.00157418616, 8.83446889]","[0.563748546, 0.000573702, 8.11140299]","[0.9704899717542121, 0.9686474407750861, 0.923184181907006]","[0.9849157095818901, 0.9719499192266821, 0.9382455195156298]"
0.8713819918211202,0.861683743518933,10261500,"[0.36291212, 0.12220663, 12.37007038]","[0.400972795, -0.00163871256, 7.03258031]","[0.37157025, -0.01352647, 11.24552543]","[0.470724853, -0.000216968626, 6.93352705]","[0.9507944122161498, 0.9485700942944674, 0.9302469815501498]","[0.9517044270957881, 0.9326496435534546, 0.9146184329363642]"
0.9270569246820354,0.8897055989250561,10343500,"[0.3638445, -0.02680475, 5.9585578]","[0.13331731, 0.00929975, 1.80299726]","[0.48008887, -0.03493227, 3.84743278]","[0.28225535, -0.01748542, 2.72433751]","[0.9236543497423529, 0.9153153942963372, 0.8826266654974187]","[0.8901093592856358, 0.9017502056946389, 0.8871974496506715]"
0.8674933388556149,0.7232206519916347,11044000,"[-0.0520752781, -0.00846942012, 26.4556581]","[0.208914337, -0.00103833297, 10.7913583]","[0.33781973, -0.02283496, 13.95330653]","[0.478392379, -0.000456383705, 9.60335435]","[0.8692312749314348, 0.9108499366420026, 0.7715779451765755]","[0.9010301472808327, 0.8825056698954268, 0.7469356940010576]"
0.8957655754877563,0.8198227834999099,11074000,"[0.255102394, 0.00349487243, 17.163565]","[0.171049034, -0.000597783451, 12.3386357]","[0.323071729, -0.00974648168, 16.1660998]","[0.418665365, -0.000575983129, 9.73087717]","[0.8379507692361705, 0.901715622968791, 0.853370772745705]","[0.8456203004084273, 0.862735668742465, 0.9306352211443419]"
0.8378080453739158,0.7623560941391008,11176900,"[0.19029973, -0.02839677, 19.21527802]","[0.536487967, 0.000105373303, 5.88933559]","[0.549365437, -0.00945497873, 11.1154532]","[0.64556465, 0.00221459089, 4.4325262]","[0.9206757562606641, 0.9262081098361385, 0.9157452566782704]","[0.9539871139052691, 0.9564466889416393, 0.9160198084740909]"
0.9008057825258594,0.8346888304757993,11203580,"[0.33090952, -0.0404246, 9.72647484]","[0.28060525, 0.00938317, 3.28708014]","[0.52197855, -0.02427888, 4.27227722]","[0.466347182, -0.00115661753, 3.92222155]","[0.9475227130651354, 0.9519062138280439, 0.9146368878583742]","[0.9372853004868277, 0.9427935573610564, 0.8812360807513555]"
0.9167465893493424,0.8607420361514084,11204100,"[0.46792614, -0.04463742, 10.89710153]","[0.398526555, 0.0035077684, 4.39155993]","[0.55467521, -0.02564787, 6.9050955]","[0.566349911, 0.000571348424, 4.08580356]","[0.938730406623692, 0.9565967623030097, 0.8880711005666215]","[0.9539761830594659, 0.9430226890227568, 0.8519696150779719]"
0.5030244057147,0.2922374045241422,11251000,"[0.00581174014, 0.00013571447, 13.1435576]","[0.0980396383, -0.000367347079, 9.15544758]","[0.143412718, -0.000276790211, 8.73863155]","[0.0776793948, 0.00030511441, 11.5422286]","[0.3724846934216053, 0.7429700394573, -2.4959454118066766]","[0.8053932820115705, 0.7433559649160565, 0.20211462420676607]"
0.8313619690396976,0.7854618475585444,11261500,"[0.429386017, 5.80421393e-05, 14.4782605]","[0.701586652, -8.38532182e-05, 4.95783756]","[0.548954762, -0.000264690176, 10.8651972]","[0.721196388, 0.00046190092, 4.380269]","[0.9637978038024604, 0.9669027340635619, 0.9311327702426548]","[0.9763169387278732, 0.9216976937918319, 0.858993236328046]"
0.3650215005729588,-0.5635564988874882,11274538,"[0.32377551, 0.20666296, 12.39414055]","[0.562755743, 0.000725761394, 4.94363187]","[0.477298606, -0.0019063326, 9.44102379]","[0.53966719, 0.01136772, 5.22800105]","[0.7238667364941085, 0.9480570550229506, 0.8543619241923053]","[0.6837457212378946, 0.9565928473881286, 0.7867740878560284]"
-2.920043346232627,-21.20552998958699,11276500,"[0.0739097533, 9.4341616e-05, 9.66512175]","[0.07367885, -0.02028921, 8.55320649]","[0.188105103, -0.000205386057, 6.82724542]","[0.0742951363, -0.0002210576, 9.72059945]","[0.592471194028549, 0.8399369365820748, 0.14810393776488617]","[0.8161539680297398, 0.8812191868556696, 0.509708013831554]"
0.8189206418656416,0.6910683971556292,11276600,"[0.274067026, -0.00110764564, 11.8912364]","[0.239988618, 0.00286415411, 5.7840676]","[0.355672948, -0.000993037205, 8.68118728]","[0.424997725, 0.00201607915, 5.32569317]","[0.7739733990858694, 0.8924783122941519, -0.010488532819274754]","[0.8534396135740958, 0.9129179249005426, 0.5472903996289842]"
0.614841544551084,0.1784002104806187,11289650,"[0.0118848102, -0.000309344531, 12.0799551]","[0.0484057027, -0.0001601161, 10.1600674]","[0.0636625501, -0.000180690911, 10.0372037]","[0.0946156219, 0.000107703169, 10.040957]","[0.35321963359619624, 0.8672024430435805, -1.767697368121683]","[0.8495891410969871, 0.89269783420912, 0.8016580330881412]"
0.8613045769274434,0.7239121704252083,11303000,"[0.231618521, -0.00390032593, 17.2304565]","[0.495475719, -0.00044450285, 5.96868152]","[0.352320704, -0.00263587657, 12.0729512]","[0.500553609, -0.00106173752, 6.28443711]","[0.5388045897918816, 0.9489412053968728, -0.8962497825590594]","[0.558459888786134, 0.931493373554307, 0.2928401443400812]"
0.9167112626015922,0.8629615422181909,11381500,"[0.375448807, -0.00797375196, 11.7340376]","[0.374742984, 0.00106396158, 3.64180413]","[0.486780045, -0.00570137646, 6.89164421]","[0.556789756, 0.000863347196, 2.74291535]","[0.9518604114073815, 0.9658918228714091, 0.8266635347958897]","[0.9482787555682857, 0.9572889859301452, 0.760534317783302]"
0.8980847751815211,0.8382067115790542,11383500,"[0.400926603, -0.00340461611, 11.6435222]","[0.345314597, 0.000887423707, 3.5646625]","[0.573993059, -0.00469842644, 6.24171108]","[0.575065193, 0.000762541396, 2.32361023]","[0.9431558130775376, 0.9571818893320074, 0.9216950466339202]","[0.9550483659084389, 0.9644789947211271, 0.8933240994315482]"
0.8867436484739959,0.8019477469466252,11390000,"[0.310477788, -0.00598945986, 12.4666841]","[0.307046836, 0.00106050955, 3.62619131]","[0.471452203, -0.00442244469, 6.53433252]","[0.534326493, 0.000901215079, 2.27199367]","[0.939125339743436, 0.9584593975242718, 0.8535460936379637]","[0.9475418168115222, 0.9503654988695736, 0.83042452006189]"
0.8779049886358282,0.7786064693860193,11390500,"[0.145854436, -0.000240270321, 18.1562046]","[0.475650531, -5.49805868e-05, 6.17954139]","[0.347817459, -0.000239910752, 12.9052753]","[0.540015506, -5.50013432e-05, 6.15693119]","[0.9288410682223753, 0.95782395020172, 0.7570836872017579]","[0.9136690557671396, 0.9123847918809305, 0.7798614385928978]"
0.8783219818713601,0.7399818514564364,11446500,"[0.0789747416, -0.000754081271, 17.4227716]","[0.21607377, -7.68281785e-05, 7.34313975]","[0.228638305, -0.00022053734, 9.87958666]","[0.408829137, -0.00018042779, 9.50182061]","[0.8782080930459438, 0.9366425390475956, 0.5626604022564765]","[0.905704467185829, 0.9194896924699857, 0.7653069667636654]"
0.7422584000023599,0.5575961199108048,11523000,"[0.35541656, -0.000128306535, 14.0255239]","[0.319411078, 3.3665927e-05, 4.10006503]","[0.400020909, -0.000628174575, 12.4999131]","[0.545181411, 1.41442556e-05, 4.78929138]","[0.8575976063761505, 0.9583064159638224, 0.7856369656018458]","[0.7942313083684318, 0.9762974633922217, 0.8869656167402356]"
0.9044638384981794,0.8502057783348232,11530000,"[0.275140088, -0.000939084347, 15.4339383]","[0.176608941, 9.18700116e-05, 5.36214509]","[0.361243198, -0.000301750927, 9.5366905]","[0.48855237, 1.15820414e-06, 5.1325671]","[0.8992153790336386, 0.9313396521810774, 0.7895606975632918]","[0.9371881679022036, 0.9389909270825345, 0.7705685107248059]"
0.8845160614072177,0.8695032041978051,6711565,"[0.498265418, -0.000627725739, 10.1321137]","[0.364673585, 0.00260385288, 4.01332665]","[0.554785216, -0.00067645787, 7.26441033]","[0.48792482, 0.01094485, 3.95237708]","[0.950963416818682, 0.9512833700543478, 0.9094904325879836]","[0.946719839037435, 0.95415221400394, 0.8470220076316043]"
0.8669171923542782,0.8029249928251209,7106000,"[0.456577714, -2.20124461e-05, 10.4972785]","[0.370328, 0.01204108, 3.81577126]","[0.568932801, 0.00030660441, 6.98445442]","[0.52639632, 0.01079108, 4.02092577]","[0.9553356226021631, 0.9508529380398021, 0.8910071955115734]","[0.9573619511248161, 0.9223418560336769, 0.8551491264181921]"
0.8612939272711692,0.8649479186153595,7106500,"[0.551830542, -0.000290586469, 9.32227892]","[0.385736143, -0.00087233849, 4.24420559]","[0.607169498, -0.00144005307, 6.68153608]","[0.555093395, -0.00298369876, 4.93549594]","[0.9669799973241928, 0.9528381481084448, 0.912633974055079]","[0.9832832739573683, 0.9284469806888268, 0.8967583737634661]"
0.8944480043178282,0.8771705378412968,7109500,"[0.304431138, -0.00104967791, 15.5243204]","[0.33558931, 0.00503859, 3.64987001]","[0.419579684, -0.000604180169, 8.79687969]","[0.53292201, 0.00607102, 3.85774212]","[0.9336146233130095, 0.9458409452553276, 0.8705172971657182]","[0.9284158631087815, 0.9242819649599694, 0.7679274460004069]"
0.8169198209384614,0.8215627100231407,7124000,"[0.573261198, 0.000391914593, 9.23421062]","[0.4239895, -0.01012696, 5.72309014]","[0.572078759, 0.00169638769, 7.15243537]","[0.563296939, -0.00295451638, 4.88188319]","[0.9617038793269578, 0.9601472817891578, 0.9065187168212014]","[0.9510192812498532, 0.9392055058384046, 0.9160760698383069]"
0.7982520476235867,0.7911798736458577,7130500,"[0.430250107, 0.000281294747, 12.2346998]","[0.4099402, -0.00962779, 4.29896716]","[0.503406987, 0.00181944901, 6.22677518]","[0.47243474, 0.01298599, 4.26563888]","[0.934250831554271, 0.9550158580850121, 0.9246526390056062]","[0.9122183727240543, 0.9514797594345822, 0.9110151201408137]"
0.8737595852811764,0.882494917041635,9095500,"[0.533953472, -0.000338175104, 8.83455649]","[0.501771796, -0.000170020724, 3.36050225]","[0.480069196, -0.000181689207, 6.76143108]","[0.46921505, 0.00258117, -1.33022387]","[0.9305280828318024, 0.9719212713205858, 0.8690380251970217]","[0.8706921919947965, 0.9478897738193294, 0.7682274537847791]"
0.8642886700237762,0.8792972733976641,9105000,"[0.69644672, -0.00430027, 4.04297561]","[0.41360773, 0.00881729, 1.77392032]","[0.574365215, -0.00267785736, 4.23101315]","[0.4850592, 0.01710831, 1.2138876]","[0.9550643976209279, 0.9720032357926238, 0.8849977139378779]","[0.9311006067849192, 0.9430554425064437, 0.812179396027714]"
0.8632021718809471,0.882700496702978,9152500,"[0.474105428, -0.00115413883, 10.7456249]","[0.489456718, -0.00021930726, 3.67730702]","[0.556308048, -0.00053476597, 6.28312346]","[0.50179011, 0.00202324, 1.37451167]","[0.930100809449422, 0.9754654390676973, 0.8104779740957925]","[0.8623846728987017, 0.9560850850516139, 0.7405568053351553]"
0.8613402370230898,0.87102292250171,9163500,"[0.50779662, -0.000256875357, 10.2176828]","[0.527061847, -5.1765947e-05, 3.25299215]","[0.513646672, -0.000135426587, 6.94769427]","[0.54372409, 0.00118396, -0.16258866]","[0.9370002770962261, 0.9744366010079152, 0.8710631126057524]","[0.8790242659838242, 0.9517808589572979, 0.7748427355215992]"
0.8296379523460871,0.8362160189299375,9169500,"[0.64251555, -0.00126553845, 8.18552945]","[0.566373662, 0.00111107562, 2.4432722]","[0.608143437, -0.00427007607, 8.0159193]","[0.61361643, 0.02480956, 1.9578717]","[0.936699395901346, 0.9594900863858564, 0.8695319524301417]","[0.918606141892715, 0.942805544077645, 0.8155323504406865]"
0.8447352116580252,0.8538781195601624,9171100,"[0.666518425, -9.13529753e-05, 8.00574659]","[0.58956203, 0.000941445529, 3.44052933]","[0.586936816, -0.00410395495, 8.65913185]","[0.61726295, 0.01971553, 2.69748269]","[0.9469044272285398, 0.9591730468204265, 0.8777012722903019]","[0.9263103985279785, 0.9232462115651134, 0.834276284454014]"
0.8939145069102021,0.9089491744709756,9371492,"[0.61670075, 0.08447147, 5.08521076]","[0.3552701, -0.02704125, 1.83382782]","[0.50756414, 0.28874362, 4.59673884]","[0.33152626, 0.38480571, 1.08446116]","[0.9715862312147174, 0.9757750110611132, 0.95147281593231]","[0.9227248001391034, 0.9565678714408491, 0.9099634676023305]"
0.9485499650008656,0.8999202313109108,9371520,"[0.607100895, -0.000571356045, 6.93926312]","[0.53922249, 0.01003582, 3.85368313]","[0.510073977, 0.00481889775, 8.03849906]","[0.42573619, 0.04801542, 2.74418462]","[0.9634601378991514, 0.9238887527702531, 0.8575788440771948]","[0.9424847158644732, 0.8247098184600165, 0.7833480861300393]"
0.7673870200972711,0.6517424506039633,2298202,"[0.632428445, -0.000478535009, 12.0037016]","[0.443011286, -0.00115723971, 12.3059273]","[0.729333751, -0.000896057297, 9.30495006]","[0.588985953, 0.000963748037, 10.0742467]","[0.9289298319622562, 0.9231127874051324, 0.871651208428891]","[0.9637989197755471, 0.9562920813108525, 0.9322344200047099]"
0.7806349592663291,0.7077066155121755,2300021,"[0.577456957, -0.000683834343, 13.8617147]","[0.538335382, 0.00143207459, 10.5688379]","[0.768416721, -0.000844922279, 8.6014377]","[0.64624311, -0.000210268349, 9.74925167]","[0.9412557513851616, 0.9393436418556841, 0.8484454381791746]","[0.9573130722638242, 0.9629047693514029, 0.8031843943964542]"
0.7652350883033647,0.6989329343135214,2301719,"[0.553560341, -0.0012883294, 14.5909731]","[0.397425065, 0.000191514564, 12.3454126]","[0.748175614, -0.00156242625, 8.54011014]","[0.61554533, 3.58607979e-05, 9.96796137]","[0.9288491231658135, 0.9282006943959699, 0.834133277646194]","[0.924697853938201, 0.9551217511233141, 0.81318876379239]"
0.1845439702832518,-1.0045008547732208,2304510,"[0.489636504, 0.000591972096, 14.5679108]","[0.3342792, -0.02299803, 15.0198047]","[0.525574241, -0.000518807697, 12.6520732]","[0.42368816, 0.02605313, 14.04548881]","[0.782954910886742, 0.9134626961415591, 0.5928049963968238]","[0.7758443652618148, 0.9396426388074488, 0.6237605286101446]"
0.7068821707786228,0.4588109791673903,2310650,"[0.110049955, -0.00214200285, 21.0203228]","[0.10723182, -0.000265856991, 20.5955268]","[0.121263066, -0.00044833849, 20.7079575]","[0.115487376, 0.00390345422, 20.1166102]","[0.9473528537780416, 0.9446353085848352, 0.8969338457816051]","[0.9730406921998567, 0.9733812892120617, 0.9363313868511356]"
0.7493466282716941,0.6428453485565631,2310700,"[0.725132686, -0.00132519973, 9.08171941]","[0.408712971, -0.000797555348, 13.3722326]","[0.703768004, 0.000144370582, 9.81741905]","[0.553265982, 0.00134706422, 10.8912302]","[0.9388979583814493, 0.9466934187738005, 0.872301276554434]","[0.9634489555848008, 0.9585707352866748, 0.9321142325533893]"
0.7861662526522761,0.684026527267157,2310747,"[0.661559303, 0.000141976751, 10.119777]","[0.368189997, 0.000200893228, 13.6153365]","[0.658828987, 0.000237002581, 10.2223677]","[0.494522692, 0.000360284039, 12.1289957]","[0.936645076599217, 0.9435656152136209, 0.8921773383491424]","[0.966551700168645, 0.9350343702501767, 0.9389360473070999]"
0.1235239996742091,-2.0958825788282653,2323592,"[0.550031925, -0.00010808881, 13.6487631]","[0.336839731, -0.000180717557, 14.1298075]","[0.564419444, -0.000190166838, 13.4062928]","[0.421158829, 1.15198723e-06, 13.2906174]","[0.8795218203887613, 0.8561183391390396, -0.45573692438122215]","[0.9337035752797909, 0.8274567968856685, 0.25209277122949514]"
0.8599103212186527,0.8234632936961377,2203655,"[0.580724445, 0.00213642826, 8.85220478]","[0.523156173, 0.00162379383, 5.17341083]","[0.612708237, 0.00092546158, 7.15031086]","[0.570111402, 0.0027972992, 5.47322767]","[0.9674282162194742, 0.968675418658794, 0.9282556358890801]","[0.9486607689947839, 0.9661128298898969, 0.9434067001329415]"
0.860279175577408,0.819778322662849,2203700,"[0.602938716, -0.00604557244, 8.9498085]","[0.51404522, 0.00663207, 5.83806766]","[0.613721455, -0.00261380556, 7.73217414]","[0.55757027, 0.01227641, 6.16024231]","[0.967239185896336, 0.966389482372419, 0.9243165672373859]","[0.9574654669475302, 0.9739634629369218, 0.9298312309290246]"
0.8664147466853933,0.82638835875164,2207120,"[0.6145105, -0.000557605437, 9.25128086]","[0.48627064, 0.000415124295, 5.71030536]","[0.628436507, -0.00107283765, 7.79333691]","[0.557382785, 0.000454369723, 6.37416721]","[0.9613833821721556, 0.9646228273169294, 0.9179068094126991]","[0.9572790166853165, 0.9761082738366852, 0.9115430296660113]"
0.86079855078551,0.8113832244050315,2207185,"[0.52035027, 0.01647154, 9.43467973]","[0.48692919, 0.0092207, 5.73937587]","[0.527148228, 0.00351031531, 8.34879447]","[0.5367185, 0.0179428, 5.94321327]","[0.9673303873650703, 0.9681722704439759, 0.9165822655686723]","[0.9584035145130843, 0.9536907362730264, 0.9104595389651272]"
0.8564766982276755,0.8138597569667292,2207385,"[0.52270644, 0.00963313, 9.31763048]","[0.450810511, 0.000999923445, 6.59289033]","[0.530786055, 0.00177737682, 8.0215304]","[0.5232179, 0.00740414, 6.47356525]","[0.9673267964477277, 0.9716278503769286, 0.9301208253757833]","[0.9467246992851999, 0.9598171845094488, 0.9372046165418674]"
0.8672135480255935,0.8176028329110451,2207400,"[0.52677904, 0.03730326, 9.45344415]","[0.48356763, 0.00693954, 6.16123546]","[0.54006327, 0.01160404, 8.48283043]","[0.54403888, 0.01256859, 6.1506549]","[0.9676908463137646, 0.9665322651039858, 0.9169178524771173]","[0.9519910470563677, 0.946188937561954, 0.9204621126274872]"
0.8659712485711901,0.8222842013843673,2208150,"[0.561991064, 0.000583471011, 8.97695013]","[0.497115796, 0.00274316622, 5.24277945]","[0.575809986, -0.00114529913, 7.59866116]","[0.553332707, 0.00397866516, 5.49383556]","[0.9676321972132051, 0.9670626627505244, 0.9265558287900606]","[0.9510213726974037, 0.9592444813068632, 0.9365126614935977]"
0.8655525150291422,0.8142285388049693,2217274,"[0.46702181, 0.06650549, 9.86764081]","[0.45617054, 0.02242763, 5.98834281]","[0.50296236, 0.00876298, 7.50099661]","[0.51848925, 0.08178204, 6.04224104]","[0.9701111146125796, 0.9698291181469496, 0.9284362599640259]","[0.9468178254148498, 0.943682252889729, 0.9145735834735139]"
0.856754948710069,0.8222686414809737,2218565,"[0.531102369, 0.00644085158, 9.10256796]","[0.49042011, 0.01197044, 5.67195112]","[0.553213745, 0.00374683047, 7.40447863]","[0.536671, 0.01838417, 5.89944123]","[0.9690139332254194, 0.9706737199450424, 0.9278459380791935]","[0.9514593951014516, 0.9595422795557935, 0.9223792352969766]"
0.8459481762177314,0.7837397595646594,2330450,"[0.485616995, -0.00390672583, 9.8181954]","[0.3949125, 0.0049279, 4.49569883]","[0.494320616, -0.00698110281, 8.03777129]","[0.53604181, 0.00263352442, 5.40805055]","[0.9652288197385023, 0.9736490344931987, 0.9208685921593451]","[0.980836042114015, 0.9866583420856672, 0.9018193945975275]"
0.6849842701915636,0.1077354491267327,2334430,"[-0.0879452853, 0.000334348301, 12.3800546]","[0.0292151402, -0.000224613861, 8.43265813]","[0.0429600816, 5.80456499e-05, 8.5386145]","[0.0486860685, 0.000211013746, 10.8962716]","[0.06596825413611196, 0.8498899622995845, 0.21005085028689563]","[0.8601011981886199, 0.9144019865169701, 0.6275186823546801]"
0.8689589506350182,0.8262683454482997,2334480,"[0.503911929, 0.00722352767, 9.55970166]","[0.46024221, 0.01118618, 5.53867914]","[0.541611329, -0.00129908807, 7.30392117]","[0.54167747, 0.00940109, 5.96006137]","[0.9693437451224597, 0.971175442651544, 0.9324030858994607]","[0.9501919445665661, 0.9523910320001471, 0.9345064492687556]"
0.8716537297019962,0.8198675992954165,2334578,"[0.48361262, 0.01083469, 9.71164492]","[0.44373131, 0.00857195, 5.9825873]","[0.521408216, 0.00318995112, 7.48441612]","[0.50788034, 0.0115018, 6.36207276]","[0.9688776881661795, 0.968944013654286, 0.931648364890047]","[0.9426831039705125, 0.9472156175529195, 0.9297285541091123]"
0.8760060553267421,0.8177859432405965,2334885,"[0.537200207, 0.000202396053, 9.73111649]","[0.459399438, 0.00206826235, 5.36947225]","[0.567855225, -0.000707201595, 7.78005083]","[0.520870687, 0.00210721537, 5.94360824]","[0.9579299985717118, 0.961139015769171, 0.9150155029051518]","[0.9414940452151309, 0.956296964100055, 0.9250683319506028]"
0.7801444384719363,0.4295698891041164,2335000,"[0.00776411328, -2.89576729e-05, 14.0177214]","[0.198545136, -0.000200267141, 7.69952169]","[0.129872969, -0.0005985913, 11.5447357]","[0.205267438, 0.000269964246, 9.4114946]","[0.6973765850450583, 0.8926590929621896, 0.06501862006771375]","[0.8433775077549612, 0.9439113635774417, 0.7778233857625553]"
0.8605506706243798,0.8238917388887402,2335350,"[0.535675026, 0.00120531977, 9.98380139]","[0.485672362, 0.00162658572, 5.98119191]","[0.583510932, 0.0026815588, 7.56878247]","[0.540746479, 0.002858051, 6.35984038]","[0.9683554820268921, 0.9686155259925513, 0.9287121636649348]","[0.9639583893934229, 0.9630904695977734, 0.939495592284183]"
0.8820917461783975,0.8273741023145869,2336030,"[0.464157813, 0.00542178024, 10.9566976]","[0.45760353, -0.02068842, 7.09531438]","[0.53129567, 0.02217678, 8.13325938]","[0.51238991, 0.01165221, 7.45454704]","[0.9726394431000719, 0.9724435856933167, 0.9400214631559886]","[0.9482101570230025, 0.9637514273588126, 0.961818426893073]"
0.8676834003891047,0.8340660057571517,2336120,"[0.603073289, -0.000579783175, 9.15054622]","[0.544329249, 0.00049320907, 5.16235426]","[0.647130041, -0.000193017437, 7.1504463]","[0.592850646, 0.00121553175, 5.62781695]","[0.9675027270015247, 0.9678921702399133, 0.9264537289744209]","[0.9546010158618252, 0.9686325925797769, 0.9307694002045079]"
0.8523493195220266,0.8299324703614358,2336240,"[0.632128853, -0.0016711747, 8.36794513]","[0.544120031, 0.000802786345, 5.16542964]","[0.65540339, -0.000210174309, 6.81922217]","[0.588670962, 0.00187124139, 5.48781959]","[0.9689970202280768, 0.968761908621303, 0.9217080070809883]","[0.9658561153569234, 0.9766969652017327, 0.9440844387554284]"
0.8636848729908597,0.8442197879523538,2336300,"[0.633571948, -0.00156493389, 9.33224862]","[0.547579109, 0.000296834127, 5.29031835]","[0.693355015, -0.000432544852, 6.75756292]","[0.617705482, 0.000543543434, 5.53719638]","[0.9684913743247225, 0.9683708181794987, 0.924921391247127]","[0.9738363632309687, 0.9776869035353639, 0.930148677526067]"
0.8594923202097632,0.8343436533303924,2336360,"[0.63088365, -0.000689302633, 8.65076885]","[0.538893616, 0.00187161439, 4.97184247]","[0.662226458, -0.000246194867, 6.93154495]","[0.592096923, 0.00169949535, 5.40510069]","[0.9670112290846886, 0.9689656425566852, 0.9264584949829519]","[0.9590856634378758, 0.9741684474034087, 0.9404962774309129]"
0.8636048117915768,0.8349685515634087,2336410,"[0.630177654, -0.000279344246, 8.43903265]","[0.549438288, 0.00134732032, 4.79432978]","[0.657871296, -0.00149695106, 6.9454313]","[0.593067231, 0.00205764167, 5.23163203]","[0.9658835496815259, 0.9689645535851917, 0.926381036343711]","[0.9552739330217263, 0.9724298637175915, 0.933331673684816]"
0.8502729585979002,0.8277839754065037,2336526,"[0.655949295, 0.000288177015, 7.83947707]","[0.571943813, 0.00298682803, 4.69634167]","[0.657099565, -0.000593014665, 7.1786779]","[0.60588632, 0.008714, 4.68983205]","[0.9701669320215337, 0.9683906378831078, 0.9269378626373612]","[0.9600999367498773, 0.9718549890114565, 0.9454097264922412]"
0.8687133203595226,0.83461032231294,2336728,"[0.592484881, -0.000202586155, 9.31312526]","[0.527765951, 0.0028810665, 5.12316374]","[0.64078659, -0.0054611664, 7.27745037]","[0.58398813, 0.00710931, 5.49362334]","[0.9671437905842218, 0.9675911866486778, 0.9237462176393643]","[0.9603135536280268, 0.9678098595461018, 0.9295292873414485]"
0.8866475742974318,0.8112789036795923,2337170,"[0.443852823, -0.000177295444, 12.2078616]","[0.360631789, -0.000214581252, 8.29329036]","[0.449228578, -0.000774277855, 12.4250546]","[0.449463247, -0.000107650589, 9.33055265]","[0.8700514060411594, 0.9481283129504376, 0.7814745104291575]","[0.9043554430944647, 0.9315638166855488, 0.862412905893088]"
0.90593478870694,0.8575436061833276,2397000,"[0.406255363, -0.000138369927, 15.6031076]","[0.353649856, 3.10009627e-05, 6.47688369]","[0.555372514, -0.000230800692, 10.0338966]","[0.519373775, -4.02838213e-05, 8.6408007]","[0.9523053693437765, 0.9526311187135919, 0.8963784075323461]","[0.9757945557221714, 0.9531555739829422, 0.8318573521806004]"
0.928678146079582,0.8995660452334053,12413370,"[0.26647464, -0.05471745, 10.4652135]","[0.16276437, 0.00578183, 1.96387263]","[0.35119383, -0.0075298, 4.8055048]","[0.41879496, -0.00647679, 4.68020189]","[0.9517972192332828, 0.9582860119705175, 0.9383069792819967]","[0.9632702055482534, 0.9552308189726981, 0.9412395403808145]"
0.9489519255335228,0.9239282569719128,12413445,"[0.08741851, -0.0125405, 11.03833813]","[0.086358004, -0.000665317519, 3.86332944]","[0.309926462, -0.00170066108, 4.26366792]","[0.25603681, -0.00798507691, 8.14078072]","[0.9173990984146623, 0.9451431123126266, 0.9484068767675685]","[0.9242859717141413, 0.938708119841446, 0.9741953211678214]"
0.4712661253232415,0.4404055254360993,13340000,"[0.33892671, 0.00144268, 1.38436678]","[0.116606478, -6.13407141e-07, 2.2192279]","[0.1446117, 0.00017433, 0.13697023]","[0.224309158, -3.74342202e-05, 4.05563374]","[-0.1680227757075896, -0.5565888251435795, 0.06722038800769425]","[0.27577352071070205, 0.09666311857591947, 0.4662833221055658]"
0.9036382090156482,0.9025550945742186,13340600,"[0.479987927, -0.000393807609, 8.592435]","[0.133142121, 0.000167483564, 1.64541437]","[0.389495782, -0.000251797489, 5.93371735]","[0.378305072, -3.27530947e-05, 3.34925772]","[0.928928392049289, 0.9407235434377006, 0.9465048978785808]","[0.8890708733734614, 0.9096018012397821, 0.933175375122168]"
-0.5820362771031986,-1.4694117042079546,13341050,"[0.0501710733, -2.21091775e-05, 2.86416769]","[-0.0237642985, 2.34304265e-05, 3.53200123]","[0.0209824799, -5.0447904e-06, 3.61302799]","[-0.00125252298, -2.22960654e-05, 3.81553108]","[-51.723095554522295, -349.1763423943828, -1899.3362852245866]","[-0.21090063100779166, -7.259353284345112, -19.23920032946802]"
0.2857731966247858,-0.2926148897071727,13342500,"[0.00432803367, 6.07439155e-06, 13.0534013]","[0.390606538, -0.000115633857, 11.2410584]","[0.0888449577, -2.32819489e-05, 12.2171428]","[0.11679482, -0.00014854446, 12.1346102]","[-15.410726009684154, -27.832757347507872, -2.314096733095352]","[-0.8901969814699611, -2.1553259799070816, 0.09505563876035139]"
0.9049283079660826,0.8745567004239265,3373980,"[0.552560564, -0.00112725958, 14.6036671]","[0.39632139, 0.000963136443, 2.81958428]","[0.623183873, 0.0240724139, -27.6964991]","[0.632890913, -0.0114406632, 22.4680333]","[0.9611507929270621, 0.9600770626811846, 0.9205277217624297]","[0.9399122230625294, 0.9721770905397317, 0.9229123778624144]"
0.879715261017347,0.7966320351947256,5465500,"[0.517679402, 4.24953815e-06, 12.5609325]","[0.465520602, -0.000173816391, 7.15511445]","[0.683087573, -3.9542561e-05, 6.92906873]","[0.645537291, 0.000198842059, 3.26085458]","[0.9327171719717877, 0.8876259344632955, 0.8564631614209712]","[0.916194076344315, 0.803471452319228, 0.8601855724508007]"
0.6680644093125885,0.3658447920613275,7144780,"[0.576707994, -0.000131192207, 11.4139455]","[0.616895064, 0.00183895999, 3.65976489]","[0.699670873, -0.000100723346, 7.98739472]","[0.750291739, 8.7162056e-05, 3.82767593]","[0.9128626201780992, 0.972239311166524, 0.9530121142804899]","[0.787573830151467, 0.9640893543282417, 0.9477273672057043]"
0.9448587905012732,0.913155681991557,1095220,"[0.53602022, -0.00236351297, 8.88986124]","[0.285776867, -0.00113157128, 2.2645379]","[0.62174981, -0.01220717, 7.18193574]","[0.621655233, -0.00385715084, 3.99383548]","[0.971934168548703, 0.9729458897303851, 0.9485004265708095]","[0.9757708782664046, 0.934781057489552, 0.9256925685043487]"
0.9131055206223478,0.9109696622074208,1095375,"[0.701423876, 0.00147010542, 6.86286943]","[0.276693834, -0.000286961789, 2.35838683]","[0.70670338, -0.01202326, 6.57941105]","[0.626267408, -0.00167596443, 3.91989838]","[0.9786642728720707, 0.9753239300429836, 0.9546065240501349]","[0.9700630034962591, 0.9462669050893718, 0.9411026542569992]"
0.915107737233793,0.8844763386617984,1104430,"[0.10797989, 0.021413, 19.14342471]","[0.1327296, -0.00693769, 4.15610428]","[0.55324976, -0.02719515, 6.67681498]","[0.62710673, 0.10630402, 4.64628439]","[0.9244539659199676, 0.9568306316230097, 0.8863662421719698]","[0.9468281699879169, 0.9097106738807222, 0.8607638416463718]"
0.9294254521236506,0.9086225412542648,1104460,"[0.437691854, -0.00835785078, 11.9897152]","[0.332007402, 0.000935037158, 2.66245701]","[0.61418934, -0.0126744, 6.69293138]","[0.696863316, -0.000370583772, 3.70884171]","[0.9703682431328574, 0.9741703936665663, 0.9389342608096601]","[0.9491024097447898, 0.9317814970128467, 0.8937567266298794]"
0.9015300480383756,0.8869028284902747,1104475,"[0.34102822, 0.98453808, 9.7984437]","[0.33525095, 0.00436622, 3.99618059]","[0.49118578, -0.28878592, 7.30522377]","[0.57149645, -0.01841708, 4.99212341]","[0.9777918819187534, 0.978109226972456, 0.9475524768180552]","[0.9745553348103799, 0.9612005145393496, 0.9284395250782161]"
0.9296443216167382,0.9312026186776642,4043238,"[0.40919176, 0.09308241, 5.83549546]","[0.11370532, 0.10194369, 0.91684386]","[0.55084966, -0.19096866, 4.81326851]","[0.4201369, 0.17459522, 2.55710065]","[0.957794010648629, 0.9725975613916147, 0.9622543094102161]","[0.9201425974602707, 0.9229545739103744, 0.9233923193683297]"
0.9074392180975688,0.9160059292994598,4043244,"[0.38251561, 0.02774861, 6.01105244]","[0.13447717, 0.01263362, 1.6497774]","[0.51890619, -0.07079851, 5.43722025]","[0.40075803, 0.0487486, 2.74630043]","[0.9527708196888548, 0.9699264098390127, 0.9518121579130664]","[0.9275074732184607, 0.9205770447335476, 0.9456576405034229]"
0.9168689466398658,0.9086009786697404,4121944,"[0.536457561, 0.00214759827, 7.58787579]","[0.330350113, 0.000122880898, 2.68896951]","[0.58753872, -0.00223715861, 7.41678382]","[0.578258148, -0.000429258192, 4.07627822]","[0.9646440784983503, 0.9723349675900116, 0.9638075557275027]","[0.9272250513489178, 0.9369076091180825, 0.9420553877499744]"
0.943981849891482,0.9142232593225594,4121970,"[0.227078292, -0.000293666383, 17.2334994]","[0.115051938, 0.000190192534, 1.54331931]","[0.528112706, -0.000890233778, 8.47520339]","[0.632740644, -0.00102249542, 8.27489737]","[0.9481081479548467, 0.9636313462882351, 0.9693350126599078]","[0.9383622815573747, 0.9298619625010062, 0.9230832864121365]"
0.9168784724855642,0.9077025467302756,4124000,"[0.497138801, 0.00261959324, 5.60377443]","[0.264798072, 0.00129076823, 1.42459465]","[0.520324288, -0.00226229928, 9.7307902]","[0.507450737, -0.000740057265, 4.71551167]","[0.9644194156830748, 0.9723371446125557, 0.9651053426006486]","[0.9296716880431773, 0.9410898146474381, 0.9558712939785224]"
0.9285631246714896,0.8916285714919806,4124200,"[0.278964209, 7.39283926e-05, 14.2783276]","[0.137704046, 0.000552678903, 1.44283448]","[0.48465445, -0.00258291289, 10.5272403]","[0.561183365, -0.00256161344, 8.25195188]","[0.9432762418865703, 0.9537975138336917, 0.9564497469730603]","[0.9338824565076307, 0.9196268131178597, 0.934522153076328]"
0.9000196407698748,0.8931090484493016,4125460,"[0.35803028, 0.01041613, 5.24072601]","[0.290915589, -0.00185361541, 4.37196435]","[0.487945484, -0.000819618784, 5.88674417]","[0.412100743, 0.00089050532, 4.47780765]","[0.9598938518628497, 0.9736198710584019, 0.9658496219713546]","[0.8991205468169474, 0.9318095902693949, 0.9650137545109885]"
0.9180735742114816,0.8980148554014005,4125550,"[0.330328873, -0.000644930933, 14.5971784]","[0.156834002, 0.000414348474, 1.37541055]","[0.531569486, -0.00167716953, 9.72809627]","[0.584536151, -0.00162790001, 7.99633627]","[0.947688373407406, 0.9596859673897761, 0.9639722469203559]","[0.9088919620899258, 0.9189221224619217, 0.934206050745896]"
0.935897098858167,0.9158369553632302,4136000,"[0.538705005, 0.00299659203, 5.4802412]","[0.25351735, 0.00190238, 1.58903052]","[0.571016644, -0.00231772601, 8.48257029]","[0.484313383, -0.00045632074, 4.49250311]","[0.9658724964002502, 0.9705904324106307, 0.9581434528001123]","[0.9411161740485956, 0.9352936079852531, 0.942036709853226]"
0.943377335499697,0.9051331947062502,4136500,"[0.454259693, 0.000488748229, 10.3470161]","[0.1535315, 0.00274622, -0.34030286]","[0.552702651, -0.00304336856, 10.5883858]","[0.49831959, -0.00156158725, 5.75401228]","[0.9596344602026875, 0.9647818935990897, 0.9483822577815021]","[0.9577648356977008, 0.93200507177889, 0.9092576969562718]"
0.9381373042417542,0.9134221455186884,4136900,"[0.533076728, 0.00193727327, 7.0796881]","[0.23194019, 0.00175318, 0.68867694]","[0.578196435, -0.00225075054, 9.69988473]","[0.5208017, -0.000253451753, 4.53723459]","[0.9615895775888381, 0.9695038014862685, 0.9532339238281473]","[0.9119823464694433, 0.9321307546412695, 0.9181614472520843]"
0.931272122023065,0.903657447490569,4137005,"[0.391209326, -0.000838564507, 13.9966488]","[0.13801852, 0.00132843, 0.52906464]","[0.555808529, -0.00270185126, 10.9740369]","[0.539093631, -0.0016976362, 6.7217981]","[0.9535691516382611, 0.958902005476163, 0.9510215493666062]","[0.9504316069367951, 0.924327941769471, 0.9031315277792755]"
0.9350454723473164,0.9091644614047448,4137500,"[0.375237466, 0.000190212884, 15.3628529]","[0.08522053, 0.00067816, 0.51620606]","[0.635155391, -0.00258945249, 10.0512975]","[0.713100487, -0.000803694988, 6.55834744]","[0.9435250974002872, 0.9587073277793532, 0.9580106269465519]","[0.9082211247101946, 0.9164019964632183, 0.9301472777201432]"
0.9074757218058204,0.8819244919916912,6894000,"[0.565054178, -0.000606506011, 11.7891747]","[0.390366024, 0.00259209774, 3.07714555]","[0.679827876, -0.000658221355, 6.95946217]","[0.635421884, 0.00269889005, 4.54189366]","[0.9600285117948062, 0.9637660577492836, 0.9255672100651535]","[0.9136520857528992, 0.939080862186898, 0.8698595904549503]"
0.8519235538717237,0.857955452543822,7061270,"[0.572193474, -0.00344346969, 11.3300736]","[0.379930319, 0.000280745097, 4.95025136]","[0.667539271, -0.00147046105, 6.38598148]","[0.581225856, -3.72625309e-06, 6.77240655]","[0.965143757971983, 0.9674141119188293, 0.9146114706445505]","[0.9401588820417703, 0.9497714896673348, 0.915408958737964]"
0.5680233160467851,0.7386629742374633,6041000,"[0.563352589, -0.000709981013, 5.20338653]","[-0.0147094078, -0.00158749184, 6.70623612]","[0.261440058, 0.000398438636, 6.531223]","[0.258979427, -0.0032546841, 9.98321933]","[0.20978193435001125, 0.46970282004248176, 0.5649726894934624]","[0.63174175680984, 0.3253584176273956, 0.6389274413273287]"
0.9369440540209596,0.9093759382776992,6054500,"[0.589072313, -0.000153556614, 8.91849762]","[0.291032776, -0.000146158713, 2.74993892]","[0.637699653, 3.12246836e-05, 5.00982358]","[0.477999621, -0.000966946973, 6.96979628]","[0.9625806323997995, 0.95704248045497, 0.929044781864252]","[0.9345643491261495, 0.9318606318593509, 0.9135557658656868]"
0.8950368689585345,0.8607398102557072,6066500,"[0.148643417, -0.00044779201, 16.1782916]","[0.0616302806, 2.92090355e-05, 1.78143426]","[0.467725516, -0.000109882837, 4.77830603]","[0.416102137, -8.61264343e-05, 6.65149766]","[0.901448420409947, 0.9102695983538105, 0.8720477903826003]","[0.9167874456230418, 0.8784920616590169, 0.8279100679735025]"
0.8758725675897564,0.8686190424800101,12323770,"[0.44594158, -0.01214714, 7.04555358]","[0.28321874, 0.00959591, 2.60418045]","[0.44427472, -0.00875993, 5.97943363]","[0.364209049, 0.000639517533, 3.7118483]","[0.9559129920544654, 0.945642539004548, 0.9122338902196657]","[0.9161046699746848, 0.9142339515521553, 0.8642689111122275]"
0.5788853605057593,0.0887443301078094,6465500,"[0.267885937, 0.00547405007, 7.02856894]","[0.318309457, -0.000433124842, 3.87240226]","[0.659728492, 0.000235923566, 5.93307675]","[0.501720618, -0.000504174009, 4.62934988]","[0.5753603596340633, 0.9263758579759444, 0.893251541411626]","[0.43005412275744836, 0.874693634600086, 0.8794590060789206]"
-2.9666872463186484,-27.59883240449769,10301500,"[0.19823282, -0.09614324, 14.04901817]","[0.295446649, 0.00162905759, 5.18490951]","[0.48942307, -0.08245909, 9.78206878]","[0.4450691, -0.05106764, 5.38271028]","[0.6458632755040415, 0.24364200874969377, -0.9794451219546494]","[0.7180283711337897, 0.2930784912808976, -1.76419495658552]"
0.8527565577585888,0.8029213535284325,10348200,"[0.57984323, -0.01348675, 9.12383157]","[0.432969223, -0.000128945978, 2.47420944]","[0.604193791, -0.00109770602, 5.30937165]","[0.641549201, -0.00055114267, 2.67083418]","[0.9165519775690096, 0.9367207869564435, 0.6903035844208057]","[0.8252768262535755, 0.9278803759564971, 0.6464040399043438]"
0.2069979967293468,-0.5111367796513673,10351700,"[0.39009645, -0.02206152, 13.70131026]","[0.0762105459, 0.00402764339, 8.36749014]","[0.407854224, -0.00437009061, 11.8505507]","[0.5550159, 0.0068973, 5.83270433]","[0.5536983872034791, 0.4555169165783488, -1.5288486701938284]","[0.7481220754091964, 0.3591238851159131, -0.26049726775101867]"
0.9326725171054708,0.8890009930988045,1388000,"[0.533118614, -0.000530128938, 12.9157471]","[0.342018425, 1.89457577e-05, 3.45375047]","[0.657263552, -0.00227941367, 7.96630394]","[0.684510241, -0.000755260574, 4.86172347]","[0.9674109527951735, 0.965795804581132, 0.939624174464299]","[0.9745754429048825, 0.9434772409750259, 0.9152943363310332]"
0.9215191572880204,0.8995168698650643,1463500,"[0.583860253, -6.01620403e-05, 11.0143949]","[0.349764537, 5.76324629e-06, 2.34934586]","[0.672681818, -0.000145374879, 7.67719596]","[0.687269512, -1.16198709e-05, 3.41027941]","[0.963927472952336, 0.9674108487278553, 0.9260120145515385]","[0.9709304166786235, 0.9545006928054606, 0.862915968486105]"
0.8782983438913234,0.8522367301261667,1466500,"[0.20388825, 1.18634723, 10.10721276]","[0.17999336, -1.45398331, 7.60724142]","[0.37350978, 0.25082311, 5.87551998]","[0.33342396, -0.7114921, 8.28376638]","[0.8187581609288964, 0.9513204397814099, 0.8645508321147378]","[0.7064992469199045, 0.9648855530929527, 0.779341670915906]"
0.9204973721760362,0.9007891523854056,8317400,"[0.228858529, -0.000772871681, 16.6629897]","[0.215770651, 0.00166036266, 2.47127139]","[0.47944169, -3.1586682e-05, 6.06128812]","[0.604112449, -0.00206798348, 7.62200799]","[0.9490132499603665, 0.9653900161002218, 0.9495846727020975]","[0.9347322058947213, 0.9298077461476854, 0.8637715429488511]"
0.9038333097132428,0.899653915178216,1362500,"[0.349515992, -0.000205084254, 12.2155651]","[0.263855326, -3.57631784e-06, 2.57314264]","[0.538011703, -0.00118279195, 5.88980688]","[0.605024639, 3.02390189e-05, 4.90837501]","[0.971198801628446, 0.9726460691729937, 0.9462763584731149]","[0.9449116424671566, 0.9663413746480244, 0.9143125853206971]"
0.9317244364899266,0.8704713260161684,1417500,"[0.324764104, 4.8379212e-05, 9.3434363]","[0.218467798, -8.83511613e-06, 3.29091549]","[0.549095039, -0.000943330018, 5.7194882]","[0.441604675, 0.000365411532, 5.02632113]","[0.9410020968474756, 0.959352095531038, 0.9388345972387871]","[0.9102189614534653, 0.9366711350723397, 0.8912001819246433]"
0.3217053034723119,0.4180891628761525,1420500,"[-0.00737257781, -5.1813289e-05, 14.1523733]","[0.0907721732, -0.00090975353, 9.97444119]","[0.167229685, -0.000564472078, 10.5475574]","[0.231791556, -0.000384339358, 9.73584467]","[-4.086845999567981, 0.6411673852370297, -3.6447758946777746]","[-0.21329732100487808, 0.7229572966841282, 0.25769239312688597]"
0.9228046012781032,0.8951266974346477,1421000,"[0.513952158, -0.000245533615, 9.40686953]","[0.230528039, 1.89893597e-05, 2.70920762]","[0.648780509, -0.000796592169, 6.23725862]","[0.558319454, 0.000155989635, 4.32819382]","[0.9630645357192112, 0.9691149821265651, 0.9349787435014214]","[0.9367811153864645, 0.9454438944359318, 0.8803038512971176]"
0.7563639883653585,0.6820863865946396,1425000,"[-0.156061714, 0.0014629604, 11.8598179]","[0.0655605415, -0.000357913902, 3.82264908]","[0.301400927, 0.000586117385, 3.61213317]","[0.347187232, 4.99398792e-05, 7.5047803]","[0.7565296094592047, 0.7803009228665415, 0.6205903245490656]","[0.8621357647645674, 0.8086913154806934, 0.7362051038900763]"
0.9020421795008118,0.8137475210063242,1426500,"[0.000223955146, 0.000345459654, 12.3165991]","[0.165143795, -0.000115644666, 3.3917168]","[0.381071652, -0.000708977899, 6.14256326]","[0.484391465, 0.000402895175, 5.71422302]","[0.8756233221821204, 0.9086726134506011, 0.8546672052625671]","[0.8858211171072357, 0.9174685687829827, 0.8309219259685431]"
0.9329379254149036,0.9039236523210068,1428500,"[0.598351234, -0.000186300555, 10.8742966]","[0.265701629, 1.35043838e-05, 2.34684013]","[0.720983771, -0.000440334788, 7.43539895]","[0.65893425, 1.39708697e-05, 4.19196015]","[0.9617081209742355, 0.9661785415773274, 0.9277578246627187]","[0.9467245002382327, 0.9383931016899539, 0.8689178615159514]"
0.9430423139510228,0.9085984843141052,1436690,"[0.410737937, 0.000203676049, 9.74000064]","[0.247936789, -0.000241136477, 2.4218306]","[0.616156801, -0.00103785805, 5.30639605]","[0.604326325, 0.00105712988, 4.0965876]","[0.9680972123621201, 0.9691269363557402, 0.9394364492370609]","[0.9658512922288726, 0.9392710288457875, 0.9250488560071879]"
0.9051311535902766,0.8462914209978301,2077200,"[0.547250928, -0.00188884255, 9.85523148]","[0.470988723, -0.00139355785, 5.23362222]","[0.599863976, -0.00152439074, 7.7885693]","[0.458091194, 0.000150702555, 6.47960978]","[0.9479232941149572, 0.9525381629547744, 0.935788691365148]","[0.8781072973660875, 0.9280705927544006, 0.9638218608020965]"
0.9083570250959512,0.892696337024071,5058000,"[0.379032545, 0.000561001982, 13.9422825]","[0.0871887167, -0.000928475061, 3.22626133]","[0.664580244, -0.000840375272, 5.21974181]","[0.39533042, 0.0024454375, 5.38246748]","[0.9409595872369265, 0.9379808184954418, 0.9417023554756554]","[0.9123865483409467, 0.8807194914433776, 0.9221874452471548]"
0.8110463457051471,0.710265070991248,4208000,"[0.517788649, -0.00022127898, 11.4351956]","[0.340240132, -7.93085301e-05, 3.76490009]","[0.612618026, -0.000381220282, 8.02243184]","[0.581776812, -0.000134334661, 4.971592]","[0.9650251690260695, 0.9611330150130003, 0.8617731432791632]","[0.9482890788640528, 0.9560692642641307, 0.8398481705986375]"
0.8194405630733242,0.7734770322662856,7177500,"[0.308049492, -0.000656700885, 17.8642055]","[0.482104396, 0.00025136591, 3.98770325]","[0.586292097, -0.000246104741, 8.11535743]","[0.67667544, 0.00108537355, 4.76583213]","[0.9314016745338874, 0.9508309839009711, 0.8885982665149413]","[0.8908619658923695, 0.9716054119788871, 0.8104825427169737]"
0.7176019115654217,0.4157436125032419,7178200,"[0.432809387, -0.000407905088, 15.074052]","[0.404379275, -3.5565119e-05, 6.04356106]","[0.591626565, -0.00025034719, 8.71657833]","[0.578497878, 0.000483226345, 7.05611871]","[0.9525839593423092, 0.9518422493955909, 0.8819926833307828]","[0.9674762015775837, 0.9205641889246267, 0.8412419478230001]"
0.8894231272658486,0.8434389796880806,7239450,"[0.411889114, 0.00320097025, 14.9796916]","[0.604445833, -0.000844597967, 4.33526577]","[0.599852987, -0.000137594058, 9.7328358]","[0.715362638, 0.0016780649, 3.69965006]","[0.9639210521896869, 0.9546849088828406, 0.9116967382940854]","[0.9752874594751237, 0.9078730212697934, 0.8495554203017315]"
0.8896678770866803,0.839240932200708,7239700,"[0.42220058, -0.000444364957, 14.999801]","[0.58593424, -0.000650102191, 4.99373957]","[0.613434785, -0.000206823269, 9.32992047]","[0.712420813, -0.000182568891, 4.43667683]","[0.967717617949904, 0.9576323550043762, 0.9167412747584445]","[0.9804925838257385, 0.9042274930154847, 0.8335635081431828]"
0.9151157473773188,0.8794712722196463,11501000,"[0.553217453, 0.00398558353, 10.4298187]","[0.499891531, 0.00126658398, 2.94137262]","[0.645587566, -0.00126064716, 9.51367744]","[0.602682964, -0.00518873179, 5.19111996]","[0.9522785643449727, 0.939630270804217, 0.9383719413101828]","[0.9353384037222868, 0.9201615529662335, 0.9102975274766406]"
0.9056177767923128,0.8787210865932833,11507500,"[0.420257089, 0.00230052066, 10.8020834]","[0.341927765, 7.48067913e-05, 3.55969281]","[0.639651039, -0.000627081949, 8.131593]","[0.591626193, 0.000196982694, 4.40415263]","[0.9460487295823022, 0.9504894704183268, 0.9361529663860889]","[0.9088574649048143, 0.919973544394625, 0.9076610940751878]"
0.9056817552078484,0.8712023219244629,11509500,"[0.36862803, -0.000695047827, 14.9975711]","[0.385456603, 0.00104736928, 2.47349991]","[0.552698339, -0.000962940296, 9.99539775]","[0.608972408, -0.000286174134, 5.10231936]","[0.9342121173662553, 0.939539706432508, 0.9243205681454313]","[0.940625154889202, 0.9339851302075605, 0.853030898693225]"
0.9248306981392772,0.8887048886583656,13331500,"[0.50951081, -0.00546045197, 9.05550009]","[0.31010758, 0.00327886, 1.23092537]","[0.455328974, -0.00141542196, 4.59703604]","[0.50444172, -0.00345916, 3.2680463]","[0.9554394578596945, 0.9501768657135307, 0.9361715059735773]","[0.9311287331903533, 0.9175489597577058, 0.9138348629598155]"
0.6745062566485722,0.6093607184157923,14046890,"[0.20752998, 0.1028189, 10.37700634]","[0.2528279, -0.0502507, 7.43769691]","[0.33700137, -0.02451573, 8.74001935]","[0.31794816, -0.15366182, 7.58589394]","[0.9371842797924735, 0.9469163023936431, 0.9227137334796187]","[0.9562739696747176, 0.9290212274925148, 0.8782173035247668]"
0.9051454020985849,0.86619743835516,14076500,"[0.177241362, 0.00200276753, 9.54048389]","[0.272498324, -0.00105606178, 6.97236636]","[0.247301423, -0.00225703565, 10.9515973]","[0.308982028, -0.00269235859, 8.77927836]","[0.9361013881167288, 0.9471313888994696, 0.9576462517256994]","[0.8852755581109717, 0.9117020642283409, 0.9679222552887059]"
0.8278459403399265,0.8204091379092711,14087400,"[0.0450413796, 0.000632014193, 11.7526452]","[0.0774600818, -0.00192926179, 13.9283005]","[0.116952823, -0.000793789022, 12.5727593]","[0.0938833293, -0.00148226669, 13.4067794]","[-0.012797844707263195, 0.9355435716079246, 0.5900901252598096]","[0.4838697378660036, 0.9663896397837081, 0.6098132830140321]"
0.9135765133473784,0.8277246575791628,14091500,"[0.0941626839, 0.00172770471, 4.5730425]","[0.147751568, -0.000162900241, 5.41989648]","[0.166084984, -4.74757683e-05, 6.30997551]","[0.170925457, 0.000225790701, 4.91479309]","[0.9248432090447768, 0.9484928651600746, 0.9505641701085445]","[0.8673848327321434, 0.9167013663390683, 0.9734750695043188]"
0.8912184104794671,0.8153691336557509,14092500,"[0.0227711236, -0.000105222093, 13.688663]","[0.0839476937, -2.32392043e-05, 6.75201038]","[0.188437097, -0.00022583592, 9.47887544]","[0.232003352, -0.000907971601, 13.1268553]","[0.8955613553452891, 0.9185260667395002, 0.9178934391911779]","[0.9256170967986276, 0.926894997567524, 0.9163711088809033]"
0.9210994422889288,0.9007044974746122,14103000,"[0.304233231, 0.000636845351, 8.36936887]","[0.343810667, 1.9254514e-06, 5.49404089]","[0.403313925, -0.000588819683, 12.0958016]","[0.461930622, -0.000259230307, 8.0482821]","[0.9488528042803961, 0.9598497222439581, 0.9657312596905205]","[0.9457920221286928, 0.9309442330566045, 0.9441605761386525]"
0.8707591579240277,0.8247095215298904,14138850,"[0.249938698, -0.00142549441, 8.14766449]","[0.241724236, 0.000205281034, 2.57234356]","[0.347001842, -0.00212810577, 4.61058125]","[0.432080977, 0.000176435259, 3.47959247]","[0.9317927786361451, 0.9402055883977763, 0.8383058196723181]","[0.9224989199659268, 0.9006424017890458, 0.8527348491883167]"
0.8359196959631521,0.7988407262494609,14138870,"[0.21216889, -0.01581692, 7.83283991]","[0.186784759, 0.00139419997, 3.17443735]","[0.26573472, -0.01710673, 4.34855369]","[0.36261204, 0.00025319777, 4.02219114]","[0.9349187268878526, 0.9307529643104993, 0.8015396500601144]","[0.9386969668190357, 0.89172554793583, 0.8234921542654439]"
0.8846928872105356,0.8131993013509808,14138900,"[0.178954185, 0.00477797691, 7.33905026]","[0.235169117, -0.000173631661, 2.87368266]","[0.36401364, -0.00939771, 4.11867003]","[0.396209704, 2.97709747e-05, 3.70738503]","[0.934186386465353, 0.9521414833448573, 0.9192099048611767]","[0.9323216285699567, 0.9329318344095736, 0.9417371691644291]"
0.8656057908363888,0.8126526683356333,14139800,"[0.236853004, -0.00570816431, 8.38130194]","[0.232080433, 0.000552835589, 2.8462876]","[0.32075354, -0.00761831, 4.84713115]","[0.394336524, 0.000779966213, 3.64799885]","[0.9288306496705653, 0.9340287622670101, 0.8135047671681843]","[0.9244220217260961, 0.8987198336530402, 0.852019432010792]"
0.7191123832785893,0.603551596533321,14145500,"[-0.191062303, 0.00228039329, 12.5913783]","[0.0872966143, 1.92205994e-05, 5.24206298]","[0.0991467169, 0.000401196167, 5.69784903]","[0.481691996, 4.39440087e-06, 7.63995373]","[0.6674860835545074, 0.5959188472332488, 0.5077868617712307]","[0.7420991579170486, 0.6401517957267335, 0.7205826010906812]"
0.884507576117862,0.8118203804937143,14148000,"[0.074709095, -0.000439871559, 13.524149]","[0.114280416, 4.87650245e-05, 4.87351974]","[0.318838496, -0.000266084385, 6.37478453]","[0.500734143, -6.35556572e-05, 5.97832901]","[0.9012103089777362, 0.9322679545968192, 0.8396423452304549]","[0.938264900823245, 0.9054026601079597, 0.8310805671437578]"
0.7885580182460483,0.7427455989637366,14150000,"[-0.0337135355, -0.000332102115, 16.5459685]","[0.190812711, -8.68927501e-05, 5.50196497]","[0.27573231, -0.000184238113, 7.47237686]","[0.56034007, -0.000214253904, 7.5407892]","[0.8275322771029883, 0.8533927720214216, 0.5787780981705595]","[0.9077060751143332, 0.7920287113447566, 0.6499478871383988]"
0.9070141971871926,0.8280373488091485,14150800,"[0.40596806, -0.01248722, 9.01785849]","[0.246705628, 0.0018852908, 3.98191823]","[0.45564056, -0.0064097, 5.64231529]","[0.489957035, 0.00265138645, 3.45529371]","[0.9340199080474278, 0.9458466428094183, 0.9104585501672481]","[0.9264060826582028, 0.9528535156403907, 0.8963224013846166]"
0.6966782146859889,0.5249324012509283,14151000,"[0.0657450993, -0.00469538977, 13.9876526]","[0.176177248, 0.000175686586, 5.28379354]","[0.307841673, -0.00131649946, 6.50446663]","[0.591136015, -0.000204062591, 5.64151797]","[0.4139956417769881, 0.8155135089371268, -0.09707819166692677]","[0.6298822691023024, 0.8735259849348993, 0.39758642154737445]"
0.8644960977084342,0.8084625772499315,14152000,"[0.0884874039, -0.000511159829, 15.3609831]","[0.24405471, -1.44003153e-05, 5.34095639]","[0.35225328, -0.000170776141, 7.14992942]","[0.588826453, -0.000124763096, 6.74603532]","[0.8767673124866497, 0.9212590818092147, 0.8056797797458037]","[0.9136491136644326, 0.9008666539449179, 0.7281019977531836]"
0.7850396638495308,0.722177682157355,14153500,"[0.03143777, 0.01544378, 14.02133996]","[0.221770951, 0.000464330565, 5.77680875]","[0.25115952, -0.000596813014, 7.74792225]","[0.75551368, 0.000364619421, 5.09414989]","[0.8026498221448295, 0.8682592015945836, 0.7215282043153819]","[0.8711317764137417, 0.8319860280499168, 0.732050992682288]"
0.7871990990936083,0.696910733949661,14155500,"[0.0258786565, 0.00414973831, 13.3999344]","[0.224460965, 0.000148262986, 5.29789224]","[0.261729423, -0.000329728336, 7.04606576]","[0.788119588, -9.78279842e-05, 4.71815089]","[0.8376597489353692, 0.8621876716910932, 0.6605884127348987]","[0.8816175278802137, 0.8200573118748392, 0.6934051483187085]"
0.8990192760107474,0.8100348890509426,14159200,"[0.152558407, 0.001666316, 7.33462685]","[0.138013221, 0.000202106858, 3.77633828]","[0.268488015, -0.00139769086, 5.72534894]","[0.268701397, 0.00029265205, 4.19641038]","[0.90960914051298, 0.9406669068459236, 0.887637930613296]","[0.9049900225235067, 0.9352991980773643, 0.9243461954374004]"
0.8301180724977641,0.7055300801880564,14159500,"[0.136597919, -0.000219945876, 10.7014334]","[0.101146982, 2.35934757e-05, 4.34596136]","[0.233222605, -0.00080751149, 6.40436399]","[0.284590852, 1.0716023e-05, 5.16332405]","[0.793510503331246, 0.9218112878469181, 0.7261056447304456]","[0.8661889342683531, 0.9030804360598209, 0.7640354036305532]"
0.905447808592118,0.8466907584894996,14161500,"[0.27213721, -0.01188229, 10.69177076]","[0.23647643, 0.00116933541, 3.99809225]","[0.34647825, -0.0144634, 6.78435785]","[0.387288905, 0.00063323203, 5.0009631]","[0.9191016529769561, 0.9457067455408358, 0.9436536868080296]","[0.9171071274477189, 0.9516606778399681, 0.9687321188271961]"
0.9211345310311376,0.8487500767590139,14162500,"[0.16254259, -0.000367780095, 10.0652013]","[0.144512332, 6.07115628e-06, 4.80251744]","[0.265216555, -0.000294409151, 7.09867469]","[0.36243634, 2.44410121e-05, 4.74804501]","[0.9114189884316184, 0.937752963554515, 0.8919383271208647]","[0.9471683839847561, 0.9236004846978376, 0.8591505643166539]"
0.9167913858937454,0.8555068816178799,14166000,"[0.270895098, -0.000575232879, 15.1605592]","[0.318000215, 1.44537618e-06, 5.02903413]","[0.427999096, -0.000107066086, 7.48854587]","[0.598260809, -2.3449445e-05, 5.56353306]","[0.9394583598423415, 0.9604766706097277, 0.8796189207141157]","[0.9260452379826317, 0.9295520092148156, 0.7965781848622469]"
0.9034992115895012,0.8440907603184277,14169000,"[0.211830418, -0.00660909473, 17.3825396]","[0.466395333, -0.000242272123, 4.95979055]","[0.473261558, -0.00144963297, 9.84902005]","[0.82816315, 0.000550698089, 3.35734258]","[0.9215456843981341, 0.9433802357830464, 0.918964174722052]","[0.9440038094665526, 0.937279555201825, 0.9166448168308647]"
0.9200093920843672,0.8653158726384743,14174000,"[0.357835159, -0.000536794289, 14.6816395]","[0.352741449, -6.36489136e-06, 5.26657851]","[0.459248426, -0.000106754169, 8.41924569]","[0.631717995, -1.7787665e-05, 5.41528429]","[0.9421749109233851, 0.9504984852983708, 0.8942566898677224]","[0.9639883928487681, 0.9082276182377332, 0.8246268506211024]"
0.9005469701388773,0.8598429875725591,14178000,"[0.200882759, -0.000581252226, 8.73264159]","[0.158914716, 0.000130486317, 3.26203939]","[0.312050371, -0.00110970019, 5.76516313]","[0.330668184, 6.43051898e-06, 3.88757394]","[0.9352705125290636, 0.9423485239814982, 0.8900098395313616]","[0.9359782948383774, 0.916721839494603, 0.8718954217873461]"
0.8711119080891414,0.8250594645620144,14179000,"[0.156333724, -0.00168878292, 9.03025517]","[0.158038025, 0.000328130485, 3.39302806]","[0.258851713, -0.00131504447, 5.49334781]","[0.314033633, 0.000148253582, 4.11805256]","[0.9359089357729913, 0.9288053794109242, 0.839807857924822]","[0.9403228301712444, 0.896424370073284, 0.8040020211857843]"
0.900946901895677,0.8577816486021594,14180300,"[0.26157147, -0.01075084, 9.85253919]","[0.174225328, 0.00132310673, 3.06026147]","[0.31376495, -0.00659341, 5.2619931]","[0.384350479, -0.000532677061, 4.06631753]","[0.9324549940704434, 0.9515027241856032, 0.9258706999573839]","[0.9188471242333295, 0.9642560422688908, 0.9157695456157376]"
0.8311454598399716,0.6928104449801549,14181500,"[0.12196118, -0.0009106372, 11.1184606]","[0.055518475, 6.27846737e-06, 4.28017247]","[0.261977439, -6.84381095e-05, 5.05205234]","[0.269624122, 0.000115837615, 6.96356337]","[0.7724988705604385, 0.8606060222246197, 0.7568090385088944]","[0.8729054298102449, 0.8955886384348736, 0.8224817396306174]"
0.8976386499100988,0.8278241966633076,14182500,"[0.46494012, -0.01246394, 11.22294099]","[0.238786219, 0.000186521305, 3.94007979]","[0.438416165, -0.0016073516, 5.44271554]","[0.519754686, -0.000259629828, 4.54364851]","[0.9332455429596219, 0.961038760091485, 0.8136695802544979]","[0.9123774416093071, 0.9649911603765365, 0.8454072445825943]"
0.8781207451278327,0.7393397753458476,14187200,"[0.0153441247, -0.000263610712, 11.8458695]","[0.17931089, 2.1234364e-05, 5.1894398]","[0.206078911, -0.000184323762, 7.15965779]","[0.321616995, -0.000115955475, 7.33170118]","[0.8716002609264604, 0.9291376469771851, 0.8419007882231219]","[0.9244505720756667, 0.939053991017071, 0.8656741626714526]"
0.8021419647976887,0.6008458888499459,14197900,"[0.347652153, -0.000486431887, 17.2445234]","[0.342942806, 4.02258255e-06, 4.78212665]","[0.474371474, -4.00381095e-05, 7.91085569]","[0.570113531, -1.55929803e-05, 5.78786955]","[0.924408553831827, 0.9518954279663123, 0.7918749034327466]","[0.8933603269113726, 0.9271559846780391, 0.7818932654409342]"
0.9052780681646956,0.846617029756334,14206950,"[0.488286146, -0.00153301829, 9.38955612]","[0.538197721, 0.000784891746, 3.8358717]","[0.59796919, -0.00685221, 6.65887399]","[0.659513396, 0.000366961657, 4.11483283]","[0.9539416809261644, 0.9629858730931351, 0.9467244384082396]","[0.9236006071090375, 0.9404904601994571, 0.9219786350813212]"
0.905182357024356,0.8779550017913179,14211010,"[0.394601427, -0.000407657843, 10.0953181]","[0.291865982, 3.23266134e-05, 3.49874825]","[0.406331063, -0.000464331663, 6.86612124]","[0.556380213, -5.90546037e-05, 3.67179701]","[0.936087010241722, 0.9478920730198764, 0.8742279712087021]","[0.9354764491661325, 0.893895825409558, 0.8557412643385826]"
0.9198220174404396,0.8657038146381821,14211400,"[0.50405826, 0.01315026, 8.29726123]","[0.453094653, 0.00371506242, 3.87775636]","[0.56742596, -0.01801401, 6.08472722]","[0.561446524, 0.00395475898, 4.48220269]","[0.955076496903966, 0.967014514796218, 0.9463944877153114]","[0.9190472066222358, 0.9720907518147217, 0.9301148950116157]"
0.8732947611507924,0.8004283478636125,14211499,"[0.3505167, 0.0803194, 9.70444836]","[0.47550594, 0.00877196, 3.75743444]","[0.51805524, -0.04426999, 6.07440141]","[0.59299226, 0.00470365, 4.33838167]","[0.9600277533933748, 0.969110468672784, 0.9424842529173674]","[0.9525153044173258, 0.9802783282012354, 0.9347064648319409]"
0.921008496715178,0.870706972426905,14211500,"[0.503933616, -0.00105446388, 8.90641736]","[0.496056867, 0.00142913483, 3.69776318]","[0.60828127, -0.01492905, 6.20027502]","[0.630694134, 0.00196518154, 3.96652743]","[0.9550961962039795, 0.9677629409843468, 0.9481261574527785]","[0.9276882097774166, 0.9751167927812369, 0.9460645575659663]"
0.8884961142512168,0.8702369671153543,14211550,"[0.462709431, -0.00558365145, 9.42154971]","[0.513956573, -0.00100707489, 4.45876804]","[0.57328334, -0.01405981, 7.51168766]","[0.625043864, -0.000986491661, 4.91249098]","[0.9571794759216992, 0.968790920115391, 0.9493747970349911]","[0.957510677397102, 0.9693736925850671, 0.9672041800960616]"
0.9186750003915662,0.8596125001236299,14316500,"[0.179687083, -0.000508783292, 9.35931071]","[0.124896042, 0.00029477719, 3.44369695]","[0.314112798, -0.000937034198, 6.56735167]","[0.291402698, 0.000122100163, 3.91527135]","[0.9314120771695877, 0.9384685664375397, 0.8966699755145504]","[0.9511102100445651, 0.9392220659178163, 0.8880940331663405]"
0.903069622614584,0.8451424894578499,14318000,"[0.410217598, -0.00538815374, 10.5855961]","[0.201775031, 0.000497135071, 4.26094361]","[0.450327795, -0.00295495451, 6.56562184]","[0.453442338, 0.000488713079, 4.17608944]","[0.9309495629362293, 0.9370857579364389, 0.8888205418414469]","[0.916070130622031, 0.9224452399694426, 0.8738851905937478]"
0.9006260933795104,0.8114460180867966,14319500,"[0.54199666, -9.78794708e-05, 8.87395472]","[0.24137089, 7.86454446e-05, 4.3586725]","[0.417919724, -0.000880482692, 10.895]","[0.545806585, -1.14255034e-06, 4.0177551]","[0.9104478805048606, 0.9398927331597164, 0.8439757816115087]","[0.9046735966279854, 0.924656826687931, 0.9185735607241896]"
0.8811531175053267,0.8161373812753466,14330000,"[0.252994645, 0.00106879885, 5.48452221]","[0.164574959, 0.000412279626, 2.07784851]","[0.364705385, -0.00142884702, 6.22600138]","[0.321074812, 0.000380333517, 2.15580441]","[0.9317052381975094, 0.9440697466996292, 0.8992811394794774]","[0.9465664785842307, 0.9526080344393463, 0.9169100497546905]"
0.9077748361810388,0.8393362260266056,14337600,"[0.0495647738, 0.000314424834, 10.260599]","[0.12848773, -5.67302624e-07, 4.84265681]","[0.221658375, -0.00047818684, 8.07300693]","[0.110658741, 7.50014817e-05, 5.74117822]","[0.9091919528510006, 0.9171263632422455, 0.9199938893775564]","[0.951291386772857, 0.887464178273993, 0.9102956581116268]"
0.906983032121652,0.8597729761769931,14338000,"[0.49544598, -0.02201729, 11.47680259]","[0.289907025, 0.00123080103, 3.7816605]","[0.54487088, -0.00716474, 7.00366066]","[0.644756069, 0.00120993436, 3.322317]","[0.9511439000013377, 0.9585984350399362, 0.9382770091660146]","[0.9649586454143224, 0.97413132037804, 0.9264105162413576]"
0.8692520694578014,0.8387605827159417,14339000,"[0.129512921, 7.83015084e-05, 10.6871261]","[0.241325313, 7.28333625e-05, 4.17334687]","[0.295312665, -0.000528144461, 8.21355247]","[0.228298565, 0.000161657976, 4.89365063]","[0.9345620005847761, 0.9519429838974994, 0.9489030185855863]","[0.9495334766796095, 0.9657346845317527, 0.9267930514873304]"
0.8782408805692761,0.7527353941423116,14362000,"[0.0379511055, -0.0024328355, 13.5305012]","[0.107201489, -0.000509792334, 4.94083418]","[0.224328041, -0.00231698006, 8.77607534]","[0.300018145, -0.000270316824, 6.82169804]","[0.8477134421157954, 0.8860404143969435, 0.7835506470058461]","[0.91631376999031, 0.9047538069009081, 0.8281421293637503]"
0.9081620407975158,0.8466103385590495,14366000,"[0.200693743, -0.00355153024, 13.260037]","[0.204656412, 3.04450647e-05, 4.6742167]","[0.383242197, -0.00209514965, 8.37493101]","[0.426098248, 0.000551416187, 5.0152403]","[0.8854731703196563, 0.9302072460506973, 0.8657931772178492]","[0.9341927532013041, 0.9294698097353433, 0.8418218569576226]"
0.912314632820218,0.8713730091931039,14369500,"[0.321116205, -0.00674121511, 14.4632065]","[0.278031327, 0.000184696526, 5.09178125]","[0.421443588, -0.00246410964, 9.46631257]","[0.490952881, 0.000235084694, 5.44932956]","[0.9078898376272926, 0.9482349356470782, 0.8447958359027181]","[0.9254037786619125, 0.9549480355314419, 0.8101976669599985]"
0.9069496362472368,0.8443602399267428,14372300,"[0.34546466, -8.04981949e-05, 12.9931018]","[0.205488995, 5.01080439e-05, 5.61882293]","[0.466168393, -0.000440977694, 10.1794343]","[0.60104803, 4.89628923e-05, 3.80979588]","[0.9217610601912654, 0.9444607069657596, 0.8990507709374299]","[0.9449373301770239, 0.9295706625403702, 0.8818669580667602]"
0.932609312612237,0.8997677988453266,1427510,"[0.552999392, -0.00015720112, 10.3611259]","[0.261389826, 2.08163729e-06, 2.33533383]","[0.702052108, -0.000485258047, 7.11559161]","[0.630737712, 7.86964192e-05, 4.0199769]","[0.9605099541441847, 0.9643618716803253, 0.9280032076820006]","[0.9428447220503359, 0.9381979524464888, 0.8750602194304742]"
0.9279756396814524,0.871119973598747,1429000,"[0.225936737, -0.00295198773, 17.303935]","[0.0178871805, -0.00147025263, 2.65387756]","[0.651257172, -0.00317724506, 5.20789158]","[0.585563767, -0.00581583022, 7.36303949]","[0.9348530359866749, 0.9261884381543768, 0.9244653970987572]","[0.9487515316402365, 0.943829467939472, 0.9577913849395385]"
0.8984064145577537,0.8570181724461488,1447800,"[0.192313193, 3.34843598e-05, 16.5025951]","[0.120026581, 0.000379192913, 1.93141094]","[0.558754517, -0.000258274454, 5.21345816]","[0.610266757, 0.000166605228, 5.20419192]","[0.927956645771689, 0.9155566375357981, 0.9019912638511257]","[0.9113236111496013, 0.8981805307517917, 0.9139447352384389]"
0.925633489995163,0.883257819746575,1449360,"[0.334973169, -0.00330162043, 10.9575512]","[0.2611528, 0.00390711, 3.46650577]","[0.474965295, -0.00207907817, 6.30792194]","[0.542894543, 0.00224717933, 5.15490533]","[0.9593887942453199, 0.9445854733251274, 0.9139214916551104]","[0.9625795426944426, 0.9419442857388035, 0.8943135935672776]"
0.885265173801101,0.7845017084524089,1480400,"[0.26170622, 0.07235666, 13.13403775]","[0.25524023, 0.00572771, 3.83682138]","[0.44450507, 0.00920815, 8.200121]","[0.62627058, 0.01463756, 5.15854089]","[0.8844514494602485, 0.9270633396510104, 0.863725004647687]","[0.8389402619866256, 0.9555025486932092, 0.7915137417086558]"
0.919929855439742,0.8971072615371961,1480500,"[0.56689132, 0.000624196548, 8.53763147]","[0.462016207, 0.000902916667, 3.66617341]","[0.573928466, -0.00176787304, 7.35859469]","[0.661041417, 0.00182271539, 4.0430712]","[0.9758109942714581, 0.9700856745617096, 0.9436438643818134]","[0.9707905182458733, 0.9366597415311856, 0.9200281637199954]"
0.9535353669357316,0.912724034260534,1480617,"[0.54184036, -0.000532620779, 9.65120042]","[0.297527587, -0.000180846557, 5.21658988]","[0.578922323, -0.00209758834, 7.2900991]","[0.573174574, 0.000528393857, 5.78566649]","[0.9650332284547937, 0.9698505074673514, 0.9527069247017274]","[0.920175319217347, 0.9474117578596356, 0.9706206422769033]"
0.9408561300177402,0.901036493412806,1480870,"[0.554585301, -0.000246079979, 9.23071096]","[0.288217002, -0.00152344267, 5.80825363]","[0.592082112, -0.00188656643, 7.12775189]","[0.556201371, -0.000255730695, 5.8834672]","[0.9633540565829898, 0.9722324586811134, 0.954382733926731]","[0.9077080232098274, 0.9502098129059435, 0.9755960205330072]"
0.941788260881615,0.8981946533568379,1481000,"[0.618763605, -0.000297570512, 8.25049639]","[0.333970456, 0.000192287857, 4.64056614]","[0.625127558, -0.000710065269, 6.79715918]","[0.579077101, 7.11846678e-05, 4.85371514]","[0.9613579032341031, 0.9705058356385545, 0.9523875279736966]","[0.902748767381581, 0.9559989412189811, 0.9614523815766495]"
0.8807038009630901,0.8085735482186885,3081000,"[-0.261041801, -0.000102370757, 22.1349832]","[0.124111648, -4.1173906e-05, 3.21439871]","[0.335613885, -9.42883739e-06, 4.05537521]","[0.523653044, -0.000722338011, 9.70511286]","[0.8814583082205604, 0.9084047717500012, 0.803427570812001]","[0.9233356892888236, 0.8877868763013845, 0.771998270936625]"
0.8214852284510271,0.6666083430850276,2110704,"[0.632398903, -0.00050561516, 11.4264069]","[0.350116786, -0.000420188917, 8.18957463]","[0.625807845, -0.00183114291, 10.9329938]","[0.502564175, -0.000674353788, 9.32593228]","[0.9279358550543947, 0.9471202421197299, 0.703597139066906]","[0.9377227687947133, 0.9627468491071289, 0.8466028963239887]"
0.8509167910821209,0.8446187393948208,2148315,"[0.510329235, -1.1190276e-05, 15.3894329]","[0.331676897, -9.87216969e-05, 7.2147938]","[0.735600429, -0.000364995422, 8.26629831]","[0.547746349, -0.000339103381, 9.61011501]","[0.9539380794600502, 0.9569530644631637, 0.9307369652800956]","[0.9453759733559188, 0.9705125505420571, 0.9651982487493057]"
0.8835644982351414,0.8245751509159512,2156500,"[0.627547474, -8.29144089e-05, 12.2136724]","[0.450122498, -5.60566443e-06, 5.33751716]","[0.714966579, -4.46000526e-05, 7.6180956]","[0.612032564, -6.9989156e-05, 6.85835315]","[0.9527782645721445, 0.9544042472434214, 0.8890625739131819]","[0.9700018373553679, 0.9507264271137583, 0.8491070868572423]"
0.8435285958600635,0.8086468762355569,2160105,"[0.677941932, -0.000528571753, 8.88858347]","[0.530099111, 8.42175901e-05, 4.60234079]","[0.661705259, -0.000763785371, 8.03963968]","[0.64180534, 8.63024057e-05, 4.85547903]","[0.9620843717339275, 0.9675790759023164, 0.9132829096384939]","[0.9607140153777122, 0.9720437574865638, 0.8830829612796882]"
0.8608396209518093,0.8104218382817258,2160700,"[0.646026184, -0.000733412303, 9.33540256]","[0.511920782, 0.000241583223, 4.94768102]","[0.639955475, -0.0013179656, 8.58048406]","[0.611564307, 0.000261179899, 5.1705921]","[0.9607895609632591, 0.9660931696653231, 0.9105739228291829]","[0.9576132679367075, 0.9647550285123578, 0.8769411994976403]"
0.891098449019314,0.8383737785017396,2163001,"[0.571988048, -0.00123522672, 11.9740094]","[0.395959168, 0.000316554382, 5.61525733]","[0.587616232, -0.00192082325, 10.1343645]","[0.552368861, -0.000478641104, 6.80627999]","[0.9536301304965451, 0.9567523042194217, 0.8855875801050158]","[0.9725834531884747, 0.9576743711314587, 0.8229592622384164]"
0.7269965488997647,0.5583025905189466,2168504,"[-0.124576005, 5.34899567e-06, 18.6398401]","[0.0130767263, -0.000196516955, 10.8312957]","[0.135930824, -0.000248804598, 10.0545529]","[0.10441112, 2.40488209e-05, 14.3131545]","[0.16577911212456564, 0.8524837704711509, 0.3999365794995875]","[0.7978770682454577, 0.8876654825154691, 0.8241957366235844]"
0.7991691476582681,0.6077832731112647,2169000,"[0.0933970772, -0.000366486411, 16.6552251]","[0.161377966, -0.000145772603, 9.68188818]","[0.235721053, -0.000598565813, 10.8283706]","[0.247137844, 0.000104768699, 12.1173326]","[0.7046824910841458, 0.9090978422056047, 0.552581338509738]","[0.880003977518961, 0.9526217097971739, 0.8473279151847406]"
0.9114887524172371,0.8606845126481824,3597860,"[0.336729424, -0.00800952102, 18.4066092]","[0.35662078, 0.00589702, 4.23388769]","[0.5800514, -0.01263884, 12.12401366]","[0.539221462, 0.000264231758, 7.94681513]","[0.9375592183031748, 0.9376095507144618, 0.891310619719935]","[0.9571656761311383, 0.9598607853901853, 0.8368516906458987]"
0.8692388501241319,0.7976355358931028,7227500,"[0.21760487, 1.02124023e-06, 17.7013553]","[0.493761173, -0.00281724459, 4.76655171]","[0.595757372, 0.00242740713, 7.85594687]","[0.660068918, 0.000833605592, 4.42422994]","[0.9548619263397187, 0.9415181078070864, 0.84959110616759]","[0.9698960683260551, 0.8627407491648783, 0.7439114161807965]"
0.7733985350312184,0.6376891438309946,7312500,"[0.608035872, -4.53467896e-05, 11.2460156]","[0.634422092, -0.00133410306, 5.04297221]","[0.620909995, -0.00191901129, 10.0728254]","[0.71213877, 0.00983701, 4.38148182]","[0.9579351755614911, 0.9642630840421079, 0.8114966962372576]","[0.9612683113203825, 0.9536809113278324, 0.840660048274776]"
0.9214286714083793,0.8577538596323795,8049500,"[0.460668568, -0.000285742397, 16.1887835]","[0.376591488, -0.000422548416, 10.802651]","[0.528913032, -0.000548569794, 12.319954]","[0.535540653, -0.000136962545, 10.8283685]","[0.9633435545133552, 0.9636172990237348, 0.852892971834567]","[0.9563099070466337, 0.9354312805617535, 0.8799497185338784]"
0.9049706676122412,0.8237935561855727,8062500,"[0.497731427, -0.00016563139, 15.6487185]","[0.370187052, -0.000124464307, 10.2239958]","[0.546031679, -0.000248395942, 12.3542014]","[0.513473871, 2.25013266e-06, 10.3845695]","[0.9525569029922152, 0.9496565343307937, 0.7790285173802417]","[0.9572101796612166, 0.9453250185473483, 0.8476884823914934]"
0.8831228212629709,0.7709052846191984,8065350,"[0.577277238, -0.000182483066, 13.9912845]","[0.403543985, -4.35605599e-05, 8.40162299]","[0.580461451, -0.000181700726, 11.9644411]","[0.524142891, 1.94624156e-05, 9.26387951]","[0.9420639177072072, 0.9373751589590169, 0.6880468443909549]","[0.9544122756223703, 0.9336022280651233, 0.7656788884831004]"
0.8528209616276414,0.7846808476610547,8068500,"[0.641194924, -0.0002576198, 11.1652761]","[0.515622583, -0.000741363885, 8.73330113]","[0.663744104, -0.000521004943, 10.025451]","[0.59234851, 7.91304121e-05, 8.6640174]","[0.9525491835353275, 0.9423819224457901, 0.9051805766723937]","[0.9705551319470663, 0.9412974149940018, 0.8997708195521509]"
0.8390177565698339,0.7483305500623265,8070200,"[0.629407803, -0.000392799612, 10.1611367]","[0.471728975, -0.000173452104, 7.98767462]","[0.657609928, -0.00168108814, 8.66549517]","[0.519262069, -0.000411017131, 8.56990784]","[0.9524302463789477, 0.9417511239289923, 0.8809772614849579]","[0.9724189111093218, 0.9372803883735957, 0.9075484075006244]"
0.713282991188519,0.3194764973752955,8123850,"[0.372339948, -0.000614152775, 16.3472398]","[0.57887961, -0.0079551, 5.87533047]","[0.495035004, -0.000786788737, 11.9036323]","[0.685892901, 0.000863685385, 5.60470715]","[0.9492451581369917, 0.9398387290660951, 0.8814838917190462]","[0.9566597021718045, 0.8835828366461974, 0.8068460030825751]"
0.8803342462796284,0.8263013956174199,8181500,"[0.477391528, -0.00134303417, 15.7108651]","[0.35261401, -0.00451726129, 14.2602169]","[0.508081312, -0.000510793957, 13.363323]","[0.447382642, -0.00151162766, 13.8474308]","[0.9485127142989377, 0.9373139865558452, 0.9199372429570285]","[0.9625183626292936, 0.9409982537063154, 0.9561351147984979]"
0.8652606339735811,0.8269762816645063,8181800,"[0.484739234, -0.000568708883, 16.2174629]","[0.348795383, -0.00138252943, 14.887173]","[0.518070598, -0.00031569135, 13.8244723]","[0.456281039, -0.000334526187, 14.3886336]","[0.9511282294814479, 0.9494158544886888, 0.9226826892418505]","[0.9688187505206755, 0.9400163597356921, 0.9427905189642054]"
0.9431566043846348,0.9221433921828004,9302000,"[0.651686532, -0.000822244907, 7.87864757]","[0.323951712, -0.0016361494, 3.52383795]","[0.652988138, -0.000857085773, 7.05818514]","[0.521652101, -0.000109307586, 4.53466515]","[0.9637709726347987, 0.9665746757039599, 0.9270760284447568]","[0.9435813804713787, 0.9456909194547374, 0.8951270034945177]"
0.8750282779893451,0.874006735401453,9406000,"[0.634616833, 0.00419045137, 5.06544094]","[0.489931115, 0.000530405902, 3.53606603]","[0.578175713, -0.00504112927, 6.15517759]","[0.548406945, -0.000338129155, 3.73298825]","[0.9584026618267223, 0.9749052568149227, 0.9376356000067332]","[0.9756850061029633, 0.9474621951092919, 0.9197029148848782]"
0.8956865480301557,0.8972498763431659,10129900,"[0.3735651, 0.1483995, 9.8322784]","[0.10958008, -0.19358568, 6.23796911]","[0.57611718, 0.01000692, 6.17037783]","[0.26255323, -0.6039711, 9.31832168]","[0.7360609866552095, 0.9194774105920245, 0.8484762221261987]","[0.6421065080636722, 0.835983775284923, 0.7783728421214476]"
0.9363622129092404,0.9114828481710072,10133800,"[0.48878195, -0.03140671, 9.31591341]","[0.17029564, 0.00301393833, 3.40028507]","[0.513492135, -0.00591668718, 6.5311935]","[0.38120975, -0.06786033, 6.15010487]","[0.9698115485106062, 0.9582765672374585, 0.9430859311589781]","[0.9644247709469863, 0.9427623528594576, 0.9317430575689999]"
0.8939492381184792,0.863076446397524,2011400,"[0.634062084, -0.00843682162, 9.67397817]","[0.401385957, 0.00204506187, 3.708647]","[0.633830168, -0.00325159226, 7.2338753]","[0.62061846, 0.00149178929, 4.30234561]","[0.9683041877491874, 0.9649492179344411, 0.9193968921293025]","[0.9748396806996307, 0.9659646980642644, 0.8758466495348658]"
0.9074421320801398,0.880260352682295,2011500,"[0.5995495, -0.00200891332, 10.3439413]","[0.287637973, 0.000597931886, 4.58968159]","[0.688214545, -0.00274007929, 5.96547835]","[0.578580122, 0.00281334056, 5.62064535]","[0.967884456182851, 0.9640680172773107, 0.9181871835140979]","[0.9587723446492642, 0.9731891104839707, 0.9181669807052482]"
0.8743027714077436,0.7845233666660708,2011800,"[-0.00182837554, -0.000377047861, 15.1467538]","[0.0842849582, 0.000106093188, 5.02137938]","[0.308018886, -0.00113428883, 7.57611394]","[0.30508997, -0.000764756778, 10.2713309]","[0.8519123492658931, 0.8673696884596533, 0.8397660219250662]","[0.8345314683543653, 0.8906950720387935, 0.8954075944733435]"
0.908303598992216,0.8671732248378855,2035000,"[0.670025993, -0.000277830824, 11.8357947]","[0.444107824, 4.04107709e-05, 4.28778605]","[0.662084816, -0.000206293039, 10.0184627]","[0.683524127, -2.95044857e-05, 5.64350882]","[0.9603268045453663, 0.9615018406041428, 0.898643256911891]","[0.9792294026761553, 0.9645116402804123, 0.8362338971961287]"
0.8196602130510944,0.8297642812916699,12116500,"[0.109081914, -0.00405377962, 13.6953615]","[0.170642543, -9.77305537e-05, 2.77846792]","[0.41818649, -0.00085234652, 5.00434689]","[0.567854105, -0.00180549905, 5.66889409]","[0.9135953193131174, 0.9141171489978127, 0.8381665825176791]","[0.94940873649993, 0.855543132887632, 0.7693064858332854]"
0.912736895348969,0.8308537905567293,12117600,"[0.15555993, 0.000866785441, 9.37325235]","[0.172668122, -0.000722789092, 5.83349723]","[0.3391796, -0.000953008613, 6.48435738]","[0.37956972, -0.00127985718, 6.60179]","[0.9176779974952335, 0.9562096392288324, 0.8969851645019311]","[0.8703967630380405, 0.8913678087310848, 0.931266310266291]"
0.9204417406124724,0.8782459725860019,12119000,"[0.359490993, -0.00227513178, 8.7901406]","[0.277495741, -0.000427613141, 5.33577942]","[0.381436754, -0.00119394439, 7.0203703]","[0.449612137, -0.000935664503, 5.84628805]","[0.9497162485310544, 0.9684817619140786, 0.9048187591428922]","[0.9451588283883222, 0.91837541294744, 0.8870686328671992]"
0.9213383214109668,0.881988876244313,12147500,"[0.181648453, -0.000820501057, 8.2964069]","[0.192113331, -0.00038047645, 4.74752011]","[0.268498272, -0.00194573379, 5.7271758]","[0.342087264, -0.000374064552, 4.97602993]","[0.8974229001937574, 0.9549015364652887, 0.8960224644330985]","[0.9173616619745251, 0.924228291931225, 0.8943413400977333]"
0.8264016701240132,0.7972179574251368,12147600,"[0.23765232, -0.02293895, 8.20287808]","[0.187375607, -0.000554021044, 1.84842167]","[0.340071205, -0.00148393606, 1.97039837]","[0.404897498, -0.000270616601, 3.08650998]","[0.9391635110845582, 0.935811430157952, 0.8543098858988242]","[0.9424720064503083, 0.9257956508187378, 0.8265328099346109]"
0.8674225596669742,0.7794487651809215,12148000,"[0.12338817, -0.01859381, 10.61986665]","[0.139334489, -0.00135762457, 3.57928253]","[0.328878205, -0.0017633081, 4.50434606]","[0.38093462, -0.00357236981, 5.62219131]","[0.8964674193932405, 0.927601315525813, 0.8748909041737591]","[0.9446393340529794, 0.9002474788036687, 0.8912042422129781]"
0.9008491765935168,0.8287407064726733,12148300,"[0.20570525, -0.01406499, 9.97095828]","[0.22565795, -0.00176816335, 3.84246801]","[0.365176357, -0.00236870161, 4.89164533]","[0.407097254, -0.00115084862, 5.07189376]","[0.9415714649974828, 0.9523600551416793, 0.9212547119932433]","[0.9576726829624402, 0.9446522621196844, 0.9437880285646374]"
0.9070931957190194,0.8822645069777517,1608500,"[0.654575776, -0.00101167029, 11.3188488]","[0.451658533, 0.000196712174, 3.53025805]","[0.675732265, -0.000543690609, 8.8141289]","[0.717166635, 1.41892546e-05, 4.64264505]","[0.9658756861264083, 0.9643660738940368, 0.9237854767013248]","[0.9719584419100331, 0.9623194247465262, 0.8733208142215099]"
0.9346305828449472,0.8902497501378871,5435943,"[0.27482585, 0.02131486, 11.19004447]","[0.22378948, -0.05398868, 8.67600197]","[0.407842034, 0.00487540071, 8.07977224]","[0.3287744, -0.0175904, 9.54537463]","[0.9540203767926863, 0.9686365621461468, 0.9456290024560521]","[0.896104771385265, 0.8980728117961427, 0.92041388562822]"
0.879304693472332,0.8716291209229342,6036905,"[0.530896419, -0.00796031763, 16.6843496]","[0.333945773, 0.000998893048, 12.2358436]","[0.480505768, -0.0107219512, 17.9640666]","[0.405990971, -0.000499010463, 12.9431878]","[0.9313100011003769, 0.9559778082561536, 0.9037361647654374]","[0.9290235384087622, 0.9534027506550292, 0.9111291163055406]"
0.6673649586791371,0.4327549919663422,9217000,"[0.539841072, -0.000111351433, 9.24073733]","[0.0835438104, 0.00126608731, 3.01775565]","[0.636192854, 5.19455324e-05, 6.099397]","[0.436588312, 0.00204645271, 3.01563412]","[0.9557202707415487, 0.9613409701873448, 0.8696513896757702]","[0.9610420501151081, 0.9098008966077208, 0.7522410449237545]"
